Chidamber-Kemerer metrics,Wed, 13 May 2020 15:03:46 CEST
Class,CBO,DIT,LCOM,NOC,RFC,WMC
"org.jabref.FallbackExceptionHandler",2,0,2,0,2,2
"org.jabref.Globals",200,0,1,0,22,13
"org.jabref.JabRefException",8,0,1,2,6,7
"org.jabref.JabRefExecutorService",27,0,2,0,13,14
"org.jabref.JabRefExecutorService.NamedRunnable",1,0,1,0,2,2
"org.jabref.JabRefGUI",45,0,1,0,44,36
"org.jabref.JabRefMain",26,0,1,0,55,16
"org.jabref.architecture.ApacheCommonsLang3Allowed",n/a,n/a,n/a,n/a,1,n/a
"org.jabref.cli.ArgumentProcessor",52,0,2,0,128,79
"org.jabref.cli.ArgumentProcessor.Mode",3,n/a,0,n/a,0,0
"org.jabref.cli.AuxCommandLine",7,0,1,0,8,3
"org.jabref.cli.CrossrefFetcherEvaluator",11,0,1,0,9,8
"org.jabref.cli.GenerateCharacterTable",1,0,1,0,2,4
"org.jabref.cli.ImportInspectionCommandLine",7,0,1,0,6,4
"org.jabref.cli.JabRefCLI",6,0,4,0,57,35
"org.jabref.cli.SystemOutputPrinter",3,0,3,0,3,3
"org.jabref.gui.AbstractController",12,0,2,7,3,3
"org.jabref.gui.AbstractDialogView",7,1,1,5,5,2
"org.jabref.gui.AbstractView",15,0,1,3,5,6
"org.jabref.gui.AbstractViewModel",11,0,0,9,0,0
"org.jabref.gui.BasePanel",242,0,7,0,312,257
"org.jabref.gui.BasePanel.EntryRemovedListener",8,0,1,0,8,3
"org.jabref.gui.BasePanel.GroupTreeListener",8,0,1,0,5,3
"org.jabref.gui.BasePanel.OpenURLAction",9,0,1,0,10,7
"org.jabref.gui.BasePanel.PrintPreviewAction",3,0,1,0,3,1
"org.jabref.gui.BasePanel.RedoAction",7,0,1,0,9,1
"org.jabref.gui.BasePanel.SaveSelectedAction",15,0,1,0,13,3
"org.jabref.gui.BasePanel.SearchAndOpenFile",11,0,1,0,15,5
"org.jabref.gui.BasePanel.SearchAutoCompleteListener",5,0,1,0,4,2
"org.jabref.gui.BasePanel.SearchListener",6,0,1,0,6,3
"org.jabref.gui.BasePanel.UndoAction",9,0,1,0,11,3
"org.jabref.gui.BasePanelMode",5,n/a,0,n/a,0,0
"org.jabref.gui.ClipBoardManager",24,0,2,0,16,11
"org.jabref.gui.DefaultInjector",9,0,1,0,4,9
"org.jabref.gui.Dialog",n/a,n/a,n/a,n/a,1,n/a
"org.jabref.gui.DialogService",n/a,n/a,n/a,n/a,21,n/a
"org.jabref.gui.DragAndDropDataFormats",3,0,0,0,0,0
"org.jabref.gui.DragDropPane",2,0,0,1,2,12
"org.jabref.gui.DragDropPane.MarkerPane",4,0,1,0,7,3
"org.jabref.gui.DragDropPopupPane",2,1,1,0,2,4
"org.jabref.gui.DuplicateResolverDialog",16,1,1,0,19,13
"org.jabref.gui.DuplicateResolverDialog.DuplicateResolverResult",4,n/a,0,n/a,0,0
"org.jabref.gui.DuplicateResolverDialog.DuplicateResolverType",4,n/a,0,n/a,0,0
"org.jabref.gui.DuplicateSearch",16,0,1,0,17,19
"org.jabref.gui.DuplicateSearch.DuplicateCallBack",7,0,1,0,7,4
"org.jabref.gui.DuplicateSearch.SearcherRunnable",5,0,1,0,6,6
"org.jabref.gui.EntryContainer",n/a,n/a,n/a,n/a,1,n/a
"org.jabref.gui.EntryMarker",16,0,1,0,17,29
"org.jabref.gui.EntryTypeDialog",22,1,2,0,24,16
"org.jabref.gui.EntryTypeDialog.CancelAction",1,0,1,0,3,2
"org.jabref.gui.EntryTypeDialog.FetcherWorker",16,0,1,0,26,8
"org.jabref.gui.EntryTypeDialog.TypeButton",2,0,1,0,4,3
"org.jabref.gui.FXDialog",12,0,3,0,13,16
"org.jabref.gui.FXDialogService",39,0,10,0,32,23
"org.jabref.gui.FindUnlinkedFilesDialog",30,1,2,0,55,73
"org.jabref.gui.FindUnlinkedFilesDialog.BibtexEntryTypeWrapper",3,0,1,0,5,4
"org.jabref.gui.FindUnlinkedFilesDialog.CheckableTreeNode",3,0,2,0,5,6
"org.jabref.gui.FindUnlinkedFilesDialog.CheckboxTreeCellRenderer",3,0,1,0,4,3
"org.jabref.gui.FindUnlinkedFilesDialog.FileNodeWrapper",3,0,0,0,3,3
"org.jabref.gui.GUIGlobals",33,0,1,0,22,9
"org.jabref.gui.GenFieldsCustomizer",13,1,1,0,22,11
"org.jabref.gui.GlobalFocusListener",7,0,2,0,4,5
"org.jabref.gui.IconTheme",88,0,3,0,11,11
"org.jabref.gui.IconTheme.FontBasedIcon",8,0,1,0,10,8
"org.jabref.gui.IconTheme.JabRefIcon",82,n/a,2,n/a,12,8
"org.jabref.gui.JEditorPaneWithHighlighting",2,0,1,0,2,4
"org.jabref.gui.JabRefDialog",38,0,1,36,10,9
"org.jabref.gui.JabRefFrame",203,0,4,0,265,184
"org.jabref.gui.JabRefFrame.BibtexKeyPatternAction",5,1,1,0,9,3
"org.jabref.gui.JabRefFrame.ChangeTabAction",6,1,1,0,6,7
"org.jabref.gui.JabRefFrame.CloseAction",6,1,1,0,8,2
"org.jabref.gui.JabRefFrame.CloseAllDatabasesAction",3,1,1,0,2,2
"org.jabref.gui.JabRefFrame.CloseDatabaseAction",8,1,1,0,11,2
"org.jabref.gui.JabRefFrame.CloseOtherDatabasesAction",3,1,1,0,3,3
"org.jabref.gui.JabRefFrame.CustomizeEntryTypeAction",4,1,1,0,5,2
"org.jabref.gui.JabRefFrame.CustomizeExportsAction",4,1,1,0,5,2
"org.jabref.gui.JabRefFrame.CustomizeImportsAction",4,1,1,0,5,2
"org.jabref.gui.JabRefFrame.DatabasePropertiesAction",4,1,1,0,9,3
"org.jabref.gui.JabRefFrame.DecreaseTableFontSizeAction",8,1,1,0,10,4
"org.jabref.gui.JabRefFrame.DefaultTableFontSizeAction",9,1,1,0,11,3
"org.jabref.gui.JabRefFrame.EditAction",4,1,1,0,6,3
"org.jabref.gui.JabRefFrame.EditModeAction",5,0,1,0,13,5
"org.jabref.gui.JabRefFrame.GenFieldsCustomizationAction",4,1,1,0,5,2
"org.jabref.gui.JabRefFrame.GeneralAction",3,1,1,0,11,9
"org.jabref.gui.JabRefFrame.IncreaseTableFontSizeAction",8,1,1,0,10,3
"org.jabref.gui.JabRefFrame.MyGlassPane",1,0,1,0,2,2
"org.jabref.gui.JabRefFrame.ProtectedTermsAction",4,1,1,0,6,2
"org.jabref.gui.JabRefFrame.ShowPrefsAction",5,1,1,0,8,2
"org.jabref.gui.JabRefFrame.ToolBar",4,1,1,0,4,6
"org.jabref.gui.JabRefFrame.UndoRedoEventManager",5,0,1,0,9,3
"org.jabref.gui.MergeDialog",7,1,1,0,10,8
"org.jabref.gui.OSXCompatibleToolbar",10,0,1,1,5,7
"org.jabref.gui.PreambleEditor",19,1,2,0,20,8
"org.jabref.gui.PreambleEditor.CloseAction",4,0,1,0,5,2
"org.jabref.gui.PreambleEditor.FieldListener",2,0,1,0,2,2
"org.jabref.gui.PreambleEditor.RedoAction",5,0,1,0,4,2
"org.jabref.gui.PreambleEditor.StoreFieldAction",8,0,1,0,12,4
"org.jabref.gui.PreambleEditor.UndoAction",5,0,1,0,4,2
"org.jabref.gui.PreviewPanel",38,0,1,0,44,32
"org.jabref.gui.ReplaceStringDialog",10,1,3,0,15,13
"org.jabref.gui.SaveOrderConfigDisplay",7,0,1,0,16,7
"org.jabref.gui.SidePane",2,0,2,0,6,7
"org.jabref.gui.SidePaneComponent",13,0,8,3,17,10
"org.jabref.gui.SidePaneComponent.ToggleAction",10,1,3,0,13,7
"org.jabref.gui.SidePaneManager",17,0,1,0,39,41
"org.jabref.gui.SidePaneManager.PreferredIndexSort",2,0,1,0,3,2
"org.jabref.gui.StateManager",17,0,4,0,11,11
"org.jabref.gui.StringDialog",26,1,3,0,30,11
"org.jabref.gui.StringDialog.CloseAction",3,0,1,0,4,2
"org.jabref.gui.StringDialog.NewStringAction",10,0,1,0,13,6
"org.jabref.gui.StringDialog.RedoAction",6,0,1,0,5,2
"org.jabref.gui.StringDialog.RemoveStringAction",10,0,1,0,12,7
"org.jabref.gui.StringDialog.SaveDatabaseAction",4,0,1,0,5,2
"org.jabref.gui.StringDialog.StringTable",6,0,1,0,5,2
"org.jabref.gui.StringDialog.StringTableModel",12,0,4,0,22,16
"org.jabref.gui.StringDialog.UndoAction",6,0,1,0,5,2
"org.jabref.gui.TransferableBibtexEntry",10,0,1,0,9,7
"org.jabref.gui.UpdateTimestampListener",5,0,1,0,8,3
"org.jabref.gui.WaitForSaveOperation",3,0,2,0,10,7
"org.jabref.gui.WrapLayout",2,0,1,0,7,16
"org.jabref.gui.actions.Actions",13,0,0,0,1,1
"org.jabref.gui.actions.AutoLinkFilesAction",14,0,1,0,20,5
"org.jabref.gui.actions.BaseAction",n/a,n/a,n/a,n/a,1,n/a
"org.jabref.gui.actions.ChangeTypeAction",7,0,3,0,11,5
"org.jabref.gui.actions.CleanupAction",16,1,1,0,35,22
"org.jabref.gui.actions.ConnectToSharedDatabaseAction",4,1,1,0,7,2
"org.jabref.gui.actions.CopyBibTeXKeyAndLinkAction",10,0,1,0,8,8
"org.jabref.gui.actions.CopyDoiUrlAction",7,0,1,0,10,5
"org.jabref.gui.actions.CopyVersionToClipboardAction",6,0,1,0,7,1
"org.jabref.gui.actions.ErrorConsoleAction",3,0,1,0,5,2
"org.jabref.gui.actions.IntegrityCheckAction",12,1,1,0,25,15
"org.jabref.gui.actions.LookupIdentifierAction",5,1,1,0,7,2
"org.jabref.gui.actions.ManageKeywordsAction",17,1,1,0,46,37
"org.jabref.gui.actions.MassSetFieldAction",13,1,1,0,38,35
"org.jabref.gui.actions.MnemonicAwareAction",39,0,1,38,4,6
"org.jabref.gui.actions.NewDatabaseAction",8,1,1,0,13,2
"org.jabref.gui.actions.NewEntryAction",12,1,1,0,21,8
"org.jabref.gui.actions.NewSubDatabaseAction",11,1,1,0,17,3
"org.jabref.gui.actions.OpenBrowserAction",2,0,1,0,4,3
"org.jabref.gui.actions.SearchForUpdateAction",3,0,1,0,4,2
"org.jabref.gui.actions.SortTabsAction",4,1,2,0,9,5
"org.jabref.gui.autocompleter.AppendPersonNamesStrategy",3,1,1,0,3,4
"org.jabref.gui.autocompleter.AppendWordsStrategy",4,0,1,1,4,4
"org.jabref.gui.autocompleter.AutoCompleteFirstNameMode",5,n/a,1,n/a,2,1
"org.jabref.gui.autocompleter.AutoCompletePreferences",10,0,6,0,14,14
"org.jabref.gui.autocompleter.AutoCompleteSuggestionProvider",n/a,n/a,n/a,n/a,1,n/a
"org.jabref.gui.autocompleter.AutoCompleteUpdater",5,0,1,0,5,3
"org.jabref.gui.autocompleter.AutoCompletionInput",4,0,2,0,3,3
"org.jabref.gui.autocompleter.AutoCompletionStrategy",n/a,n/a,n/a,n/a,1,n/a
"org.jabref.gui.autocompleter.AutoCompletionTextInputBinding",8,0,5,0,16,21
"org.jabref.gui.autocompleter.BibEntrySuggestionProvider",5,1,3,0,6,4
"org.jabref.gui.autocompleter.ContentSelectorSuggestionProvider",4,0,1,0,4,4
"org.jabref.gui.autocompleter.FieldValueSuggestionProvider",4,2,1,1,3,3
"org.jabref.gui.autocompleter.JournalsSuggestionProvider",7,3,0,0,5,1
"org.jabref.gui.autocompleter.PersonNameStringConverter",6,0,1,0,12,16
"org.jabref.gui.autocompleter.PersonNameSuggestionProvider",8,1,3,0,10,8
"org.jabref.gui.autocompleter.ReplaceStrategy",3,0,1,0,2,1
"org.jabref.gui.autocompleter.StringSuggestionProvider",3,1,2,2,3,3
"org.jabref.gui.autocompleter.SuggestionProvider",4,0,2,4,9,9
"org.jabref.gui.autocompleter.SuggestionProvider.SuggestionProviderString",1,1,2,0,3,7
"org.jabref.gui.autocompleter.SuggestionProviders",22,0,2,0,13,12
"org.jabref.gui.autocompleter.WordSuggestionProvider",4,2,1,0,3,4
"org.jabref.gui.auximport.AuxParserResultViewModel",5,0,1,0,12,5
"org.jabref.gui.auximport.FromAuxDialog",20,1,1,0,34,12
"org.jabref.gui.bibtexkeypattern.BibtexKeyPatternDialog",12,1,2,0,17,6
"org.jabref.gui.bibtexkeypattern.BibtexKeyPatternPanel",17,0,1,1,26,17
"org.jabref.gui.bibtexkeypattern.ResolveDuplicateLabelDialog",9,0,3,0,20,7
"org.jabref.gui.bibtexkeypattern.SearchFixDuplicateLabels",13,1,1,0,24,14
"org.jabref.gui.cleanup.CleanupActionsListModel",3,0,1,0,10,14
"org.jabref.gui.cleanup.CleanupPresetPanel",10,0,1,0,28,16
"org.jabref.gui.cleanup.FieldFormatterCleanupsPanel",19,0,1,0,44,29
"org.jabref.gui.cleanup.FieldFormatterCleanupsPanel.EnablementStatusListener",1,0,1,0,3,3
"org.jabref.gui.collab.ChangeDisplayDialog",6,1,2,0,11,12
"org.jabref.gui.collab.ChangeScanner",25,0,1,0,40,15
"org.jabref.gui.collab.ChangeScanner.DisplayResultCallback",n/a,n/a,n/a,n/a,1,n/a
"org.jabref.gui.collab.ChangeViewModel",3,0,3,0,8,7
"org.jabref.gui.collab.DatabaseChangeMonitor",8,0,1,0,23,15
"org.jabref.gui.collab.EntryAddChangeViewModel",9,0,2,0,13,3
"org.jabref.gui.collab.EntryChangeViewModel",7,0,2,0,9,10
"org.jabref.gui.collab.EntryChangeViewModel.FieldChangeViewModel",7,0,2,0,8,8
"org.jabref.gui.collab.EntryDeleteChangeViewModel",9,0,2,0,13,3
"org.jabref.gui.collab.FileUpdatePanel",7,1,4,0,13,8
"org.jabref.gui.collab.GroupChangeViewModel",12,0,1,0,21,11
"org.jabref.gui.collab.InfoPane",0,0,1,0,2,2
"org.jabref.gui.collab.MetaDataChangeViewModel",7,0,2,0,7,3
"org.jabref.gui.collab.PreambleChangeViewModel",7,0,2,0,10,5
"org.jabref.gui.collab.StringAddChangeViewModel",7,0,2,0,12,4
"org.jabref.gui.collab.StringChangeViewModel",8,0,2,0,13,6
"org.jabref.gui.collab.StringNameChangeViewModel",8,0,1,0,14,6
"org.jabref.gui.collab.StringRemoveChangeViewModel",6,0,2,0,11,3
"org.jabref.gui.contentselector.ContentSelectorDialog",13,1,1,0,25,42
"org.jabref.gui.contentselector.ContentSelectorDialog.FieldNameFocusAdapter",1,0,1,0,4,3
"org.jabref.gui.copyfiles.CopyFilesAction",13,0,1,0,14,5
"org.jabref.gui.copyfiles.CopyFilesDialogController",2,1,2,0,7,5
"org.jabref.gui.copyfiles.CopyFilesDialogView",5,2,2,0,6,3
"org.jabref.gui.copyfiles.CopyFilesDialogViewModel",1,1,1,0,2,2
"org.jabref.gui.copyfiles.CopyFilesResultItemViewModel",0,0,3,0,5,6
"org.jabref.gui.copyfiles.CopyFilesResultListDependency",0,0,1,0,4,4
"org.jabref.gui.copyfiles.CopyFilesTask",9,0,1,0,9,7
"org.jabref.gui.customentrytypes.CustomEntryTypesManager",7,0,1,0,5,3
"org.jabref.gui.customentrytypes.EntryCustomizationDialog",23,1,1,0,43,41
"org.jabref.gui.customentrytypes.EntryCustomizationDialog.DataListener",2,0,1,0,5,5
"org.jabref.gui.customentrytypes.EntryCustomizationDialog.DefaultListener",4,0,1,0,4,6
"org.jabref.gui.customentrytypes.EntryTypeList",12,1,2,0,15,16
"org.jabref.gui.customentrytypes.FieldSetComponent",11,0,2,1,21,38
"org.jabref.gui.customentrytypes.FieldSetComponent.FieldListFocusListener",1,0,2,0,3,4
"org.jabref.gui.customjfx.CustomJFXPanel",14,0,2,0,5,9
"org.jabref.gui.dbproperties.DatabasePropertiesDialog",23,1,1,0,66,25
"org.jabref.gui.desktop.JabRefDesktop",52,0,4,0,56,43
"org.jabref.gui.desktop.os.DefaultDesktop",2,0,7,0,8,7
"org.jabref.gui.desktop.os.Linux",6,0,5,0,11,16
"org.jabref.gui.desktop.os.NativeDesktop",n/a,n/a,n/a,n/a,8,n/a
"org.jabref.gui.desktop.os.OSX",4,0,6,0,9,9
"org.jabref.gui.desktop.os.Windows",6,0,5,0,12,13
"org.jabref.gui.dialogs.AutosaveUIManager",4,0,1,0,4,2
"org.jabref.gui.dialogs.BackupUIManager",4,0,1,0,4,3
"org.jabref.gui.documentviewer.DocumentPageViewModel",5,0,3,1,3,0
"org.jabref.gui.documentviewer.DocumentViewModel",4,0,2,1,3,2
"org.jabref.gui.documentviewer.DocumentViewerControl",6,0,1,0,18,18
"org.jabref.gui.documentviewer.DocumentViewerControl.DocumentViewerPage",5,0,2,0,17,9
"org.jabref.gui.documentviewer.DocumentViewerController",8,1,1,0,32,13
"org.jabref.gui.documentviewer.DocumentViewerView",5,2,1,0,3,1
"org.jabref.gui.documentviewer.DocumentViewerViewModel",9,1,5,0,20,18
"org.jabref.gui.documentviewer.PageDimension",4,0,4,2,8,4
"org.jabref.gui.documentviewer.PageDimension.FixedHeightPageDimension",1,1,1,0,3,3
"org.jabref.gui.documentviewer.PageDimension.FixedWidthPageDimension",1,1,1,0,3,3
"org.jabref.gui.documentviewer.PdfDocumentPageViewModel",2,1,2,0,8,5
"org.jabref.gui.documentviewer.PdfDocumentViewModel",4,1,1,0,7,3
"org.jabref.gui.documentviewer.ShowDocumentViewerAction",6,1,1,0,9,3
"org.jabref.gui.entryeditor.DeprecatedFieldsTab",9,2,1,0,6,2
"org.jabref.gui.entryeditor.EntryEditor",39,0,1,0,65,30
"org.jabref.gui.entryeditor.EntryEditorTab",8,0,2,5,6,3
"org.jabref.gui.entryeditor.EntryEditorTabList",5,0,1,0,7,8
"org.jabref.gui.entryeditor.FieldsEditorTab",25,1,3,6,24,28
"org.jabref.gui.entryeditor.MathSciNetTab",6,1,1,0,7,6
"org.jabref.gui.entryeditor.OptionalFields2Tab",9,2,1,0,6,2
"org.jabref.gui.entryeditor.OptionalFieldsTab",9,2,1,0,6,2
"org.jabref.gui.entryeditor.OtherFieldsTab",11,2,1,0,9,2
"org.jabref.gui.entryeditor.RelatedArticlesTab",12,1,2,0,18,5
"org.jabref.gui.entryeditor.RequiredFieldsTab",9,2,1,0,6,2
"org.jabref.gui.entryeditor.SourceTab",23,1,2,0,41,16
"org.jabref.gui.entryeditor.UserDefinedFieldsTab",8,2,1,0,4,2
"org.jabref.gui.entryeditor.fileannotationtab.FileAnnotationTab",8,1,2,0,7,3
"org.jabref.gui.entryeditor.fileannotationtab.FileAnnotationTabController",8,1,1,0,18,3
"org.jabref.gui.entryeditor.fileannotationtab.FileAnnotationTabView",4,1,1,0,3,2
"org.jabref.gui.entryeditor.fileannotationtab.FileAnnotationTabViewModel",12,1,3,0,22,11
"org.jabref.gui.entryeditor.fileannotationtab.FileAnnotationViewModel",7,0,4,0,23,20
"org.jabref.gui.errorconsole.ErrorConsoleController",10,1,2,0,16,11
"org.jabref.gui.errorconsole.ErrorConsoleView",5,2,1,0,3,1
"org.jabref.gui.errorconsole.ErrorConsoleViewModel",10,1,2,0,21,8
"org.jabref.gui.errorconsole.LogEventViewModel",5,0,1,0,11,12
"org.jabref.gui.exporter.CustomExportDialog",14,1,4,0,18,11
"org.jabref.gui.exporter.ExportAction",22,0,1,0,10,13
"org.jabref.gui.exporter.ExportCustomizationDialog",16,1,0,0,22,9
"org.jabref.gui.exporter.ExportCustomizationDialog.ExportTableFormat",2,0,3,0,4,6
"org.jabref.gui.exporter.ExportFileFilter",2,0,3,0,11,11
"org.jabref.gui.exporter.ExportToClipboardAction",13,1,1,0,18,8
"org.jabref.gui.exporter.RtfTransferable",2,0,2,0,5,7
"org.jabref.gui.exporter.SaveAllAction",11,1,1,0,18,6
"org.jabref.gui.exporter.SaveDatabaseAction",37,1,1,0,96,49
"org.jabref.gui.externalfiles.AutoSetFileLinksUtil",14,0,1,0,12,6
"org.jabref.gui.externalfiles.AutoSetLinks",18,0,1,0,16,13
"org.jabref.gui.externalfiles.DownloadExternalFile",19,0,1,0,36,38
"org.jabref.gui.externalfiles.DownloadExternalFile.DownloadCallback",n/a,n/a,n/a,n/a,1,n/a
"org.jabref.gui.externalfiles.DroppedFileHandler",27,0,1,0,59,57
"org.jabref.gui.externalfiles.FileDownloadTask",4,1,1,0,7,2
"org.jabref.gui.externalfiles.FindFullTextAction",16,1,1,0,23,13
"org.jabref.gui.externalfiles.SynchronizeFileField",25,1,1,0,51,30
"org.jabref.gui.externalfiles.SynchronizeFileField.OptionsDialog",8,1,2,0,19,8
"org.jabref.gui.externalfiles.TransferableFileLinkSelection",6,0,3,0,8,5
"org.jabref.gui.externalfiles.WriteXMPAction",9,1,1,0,21,15
"org.jabref.gui.externalfiles.WriteXMPAction.OptionsDialog",7,1,1,0,13,6
"org.jabref.gui.externalfiletype.ExternalFileMenuItem",15,0,1,0,14,9
"org.jabref.gui.externalfiletype.ExternalFileType",36,0,1,1,24,31
"org.jabref.gui.externalfiletype.ExternalFileTypeEditor",18,1,3,0,29,16
"org.jabref.gui.externalfiletype.ExternalFileTypeEditor.EditExternalFileTypesAction",5,1,1,0,10,6
"org.jabref.gui.externalfiletype.ExternalFileTypeEditor.EditListener",4,0,1,0,4,3
"org.jabref.gui.externalfiletype.ExternalFileTypeEditor.FileTypeTableModel",3,0,4,0,11,16
"org.jabref.gui.externalfiletype.ExternalFileTypeEditor.IconRenderer",1,0,1,0,1,1
"org.jabref.gui.externalfiletype.ExternalFileTypeEditor.TableClickListener",2,0,1,0,5,5
"org.jabref.gui.externalfiletype.ExternalFileTypeEntryEditor",16,0,1,0,33,26
"org.jabref.gui.externalfiletype.ExternalFileTypes",39,0,3,0,32,40
"org.jabref.gui.externalfiletype.UnknownExternalFileType",13,1,0,0,4,2
"org.jabref.gui.fieldeditors.AbstractEditorViewModel",31,1,3,11,15,7
"org.jabref.gui.fieldeditors.BibtexKeyEditor",13,0,2,0,13,5
"org.jabref.gui.fieldeditors.BibtexKeyEditorViewModel",8,2,1,0,6,2
"org.jabref.gui.fieldeditors.DateEditor",9,0,2,0,10,4
"org.jabref.gui.fieldeditors.DateEditorViewModel",6,2,1,0,3,6
"org.jabref.gui.fieldeditors.EditorTextArea",9,0,2,0,4,8
"org.jabref.gui.fieldeditors.EditorTypeEditorViewModel",5,4,2,0,7,3
"org.jabref.gui.fieldeditors.EditorValidator",10,0,1,0,4,3
"org.jabref.gui.fieldeditors.FieldEditor",n/a,n/a,n/a,n/a,17,n/a
"org.jabref.gui.fieldeditors.FieldEditorFX",n/a,n/a,n/a,n/a,4,n/a
"org.jabref.gui.fieldeditors.FieldEditorFocusListener",3,0,2,0,3,4
"org.jabref.gui.fieldeditors.FieldEditors",37,0,1,0,35,22
"org.jabref.gui.fieldeditors.FieldNameLabel",2,0,0,0,2,1
"org.jabref.gui.fieldeditors.FileListEditorTransferHandler",6,0,3,0,15,16
"org.jabref.gui.fieldeditors.GenderEditorViewModel",5,4,2,0,7,3
"org.jabref.gui.fieldeditors.HtmlTransferable",4,0,2,0,6,7
"org.jabref.gui.fieldeditors.IdentifierEditor",16,0,2,0,22,8
"org.jabref.gui.fieldeditors.IdentifierEditorViewModel",15,2,3,0,24,11
"org.jabref.gui.fieldeditors.JTextAreaWithHighlighting",9,1,2,0,12,20
"org.jabref.gui.fieldeditors.JournalEditor",14,0,2,0,17,5
"org.jabref.gui.fieldeditors.JournalEditorViewModel",8,2,1,0,6,5
"org.jabref.gui.fieldeditors.KeywordsEditor",6,1,1,0,3,2
"org.jabref.gui.fieldeditors.LinkedEntriesEditor",12,0,2,0,14,4
"org.jabref.gui.fieldeditors.LinkedEntriesEditorViewModel",10,2,4,0,9,8
"org.jabref.gui.fieldeditors.LinkedFileViewModel",29,1,3,0,82,54
"org.jabref.gui.fieldeditors.LinkedFilesEditor",18,0,5,0,52,32
"org.jabref.gui.fieldeditors.LinkedFilesEditorViewModel",25,2,2,0,57,23
"org.jabref.gui.fieldeditors.MapBasedEditorViewModel",9,3,1,6,7,8
"org.jabref.gui.fieldeditors.MonthEditorViewModel",7,3,3,0,7,9
"org.jabref.gui.fieldeditors.MultilineEditor",5,1,1,0,3,2
"org.jabref.gui.fieldeditors.OptionEditor",7,0,2,0,10,4
"org.jabref.gui.fieldeditors.OptionEditorViewModel",6,2,3,2,5,1
"org.jabref.gui.fieldeditors.OwnerEditor",11,0,2,0,13,5
"org.jabref.gui.fieldeditors.OwnerEditorViewModel",5,2,1,0,4,2
"org.jabref.gui.fieldeditors.PaginationEditorViewModel",5,4,2,0,7,3
"org.jabref.gui.fieldeditors.PatentTypeEditorViewModel",5,4,2,0,7,3
"org.jabref.gui.fieldeditors.PersonsEditor",12,0,2,0,16,3
"org.jabref.gui.fieldeditors.PersonsEditorViewModel",9,2,3,0,8,4
"org.jabref.gui.fieldeditors.SimpleEditor",15,0,2,1,14,4
"org.jabref.gui.fieldeditors.SimpleEditorViewModel",6,2,1,0,3,2
"org.jabref.gui.fieldeditors.TextArea",5,0,13,1,23,22
"org.jabref.gui.fieldeditors.TextField",9,1,10,0,23,24
"org.jabref.gui.fieldeditors.TypeEditorViewModel",5,4,2,0,7,3
"org.jabref.gui.fieldeditors.UrlEditor",12,0,2,0,13,5
"org.jabref.gui.fieldeditors.UrlEditorViewModel",9,2,2,0,8,5
"org.jabref.gui.fieldeditors.XmlTransferable",2,0,2,0,5,7
"org.jabref.gui.fieldeditors.YesNoEditorViewModel",4,4,2,0,6,3
"org.jabref.gui.fieldeditors.contextmenu.CaseChangeMenu",6,0,0,0,7,2
"org.jabref.gui.fieldeditors.contextmenu.ClearField",1,0,0,0,2,1
"org.jabref.gui.fieldeditors.contextmenu.ConversionMenu",4,0,0,0,6,2
"org.jabref.gui.fieldeditors.contextmenu.EditorMenus",10,0,1,0,9,3
"org.jabref.gui.fieldeditors.contextmenu.ProtectedTermsMenu",10,0,1,0,12,6
"org.jabref.gui.filelist.AttachFileAction",10,0,1,0,16,5
"org.jabref.gui.filelist.ConfirmCloseFileListEntryEditor",n/a,n/a,n/a,n/a,1,n/a
"org.jabref.gui.filelist.FileListEntry",16,0,1,0,14,15
"org.jabref.gui.filelist.FileListEntryEditor",25,0,5,0,53,41
"org.jabref.gui.filelist.FileListTableModel",21,0,4,0,28,28
"org.jabref.gui.groups.DroppingMouseLocation",2,n/a,0,n/a,0,0
"org.jabref.gui.groups.EntryTableTransferHandler",16,0,4,0,32,39
"org.jabref.gui.groups.GroupAddRemoveDialog",13,0,1,0,25,22
"org.jabref.gui.groups.GroupAddRemoveDialog.AddRemoveGroupTreeCellRenderer",3,1,1,0,3,2
"org.jabref.gui.groups.GroupDescriptions",9,0,4,0,14,21
"org.jabref.gui.groups.GroupDialog",34,1,3,0,79,68
"org.jabref.gui.groups.GroupMatcher",3,0,1,0,2,1
"org.jabref.gui.groups.GroupNodeViewModel",23,0,10,0,73,43
"org.jabref.gui.groups.GroupSidePane",28,1,3,0,39,15
"org.jabref.gui.groups.GroupTreeCellRenderer",3,0,1,1,9,17
"org.jabref.gui.groups.GroupTreeController",16,1,1,0,34,28
"org.jabref.gui.groups.GroupTreeNodeViewModel",22,0,4,0,65,53
"org.jabref.gui.groups.GroupTreeView",2,1,0,0,2,1
"org.jabref.gui.groups.GroupTreeViewModel",16,1,4,0,47,26
"org.jabref.gui.groups.GroupingWorker",12,0,1,0,16,5
"org.jabref.gui.groups.MoveGroupChange",2,0,4,0,5,5
"org.jabref.gui.groups.TransferableEntrySelection",3,0,3,0,6,10
"org.jabref.gui.groups.UndoableAddOrRemoveGroup",6,1,1,0,18,22
"org.jabref.gui.groups.UndoableChangeEntriesOfGroup",6,0,1,0,6,4
"org.jabref.gui.groups.UndoableModifyGroup",7,1,2,0,10,4
"org.jabref.gui.groups.UndoableModifySubtree",5,1,2,0,11,7
"org.jabref.gui.groups.UndoableMoveGroup",6,1,2,0,14,4
"org.jabref.gui.groups.WarnAssignmentSideEffects",5,0,2,0,6,10
"org.jabref.gui.help.AboutAction",3,1,1,0,5,2
"org.jabref.gui.help.AboutDialogController",5,1,2,0,19,9
"org.jabref.gui.help.AboutDialogView",5,2,1,0,3,1
"org.jabref.gui.help.AboutDialogViewModel",9,1,8,0,32,24
"org.jabref.gui.help.HelpAction",29,1,2,0,17,12
"org.jabref.gui.help.NewVersionDialog",8,1,0,0,8,2
"org.jabref.gui.importer.EntryFromExternalFileCreator",4,1,1,0,8,5
"org.jabref.gui.importer.EntryFromFileCreator",17,0,3,2,28,24
"org.jabref.gui.importer.EntryFromFileCreatorManager",14,0,1,0,20,30
"org.jabref.gui.importer.EntryFromPDFCreator",12,1,3,0,15,8
"org.jabref.gui.importer.FetcherPreviewDialog",13,1,5,0,28,17
"org.jabref.gui.importer.FetcherPreviewDialog.EntryTable",3,0,4,0,10,7
"org.jabref.gui.importer.FetcherPreviewDialog.EntryTableFormat",3,0,3,0,6,6
"org.jabref.gui.importer.FetcherPreviewDialog.PreviewRenderer",1,0,1,0,1,1
"org.jabref.gui.importer.FetcherPreviewDialog.TableEntry",3,0,2,0,4,4
"org.jabref.gui.importer.ImportCustomizationDialog",21,1,3,0,28,14
"org.jabref.gui.importer.ImportCustomizationDialog.ImportTableModel",6,0,2,0,9,9
"org.jabref.gui.importer.ImportFormats",18,0,1,0,3,7
"org.jabref.gui.importer.ImportInspectionDialog",58,1,6,0,93,50
"org.jabref.gui.importer.ImportInspectionDialog.AddToGroupAction",3,0,1,0,8,4
"org.jabref.gui.importer.ImportInspectionDialog.AttachUrl",4,0,1,0,11,5
"org.jabref.gui.importer.ImportInspectionDialog.CallBack",n/a,n/a,n/a,n/a,1,n/a
"org.jabref.gui.importer.ImportInspectionDialog.DeleteListener",5,0,1,0,10,5
"org.jabref.gui.importer.ImportInspectionDialog.DownloadFile",6,0,1,0,14,6
"org.jabref.gui.importer.ImportInspectionDialog.EntrySelectionListener",3,0,1,0,3,2
"org.jabref.gui.importer.ImportInspectionDialog.EntryTable",6,0,4,0,13,8
"org.jabref.gui.importer.ImportInspectionDialog.EntryTableFormat",10,0,1,0,14,17
"org.jabref.gui.importer.ImportInspectionDialog.InternalAutoSetLinks",7,0,1,0,15,6
"org.jabref.gui.importer.ImportInspectionDialog.LinkLocalFile",6,0,1,0,14,5
"org.jabref.gui.importer.ImportInspectionDialog.OkListener",23,0,1,0,43,33
"org.jabref.gui.importer.ImportInspectionDialog.SelectionButton",1,0,1,0,2,3
"org.jabref.gui.importer.ImportInspectionDialog.TableClickListener",13,0,3,0,36,31
"org.jabref.gui.importer.ImportMenuItem",20,0,3,0,26,16
"org.jabref.gui.importer.ImportMenuItem.MyWorker",19,1,1,0,29,14
"org.jabref.gui.importer.ParserResultWarningDialog",6,0,1,0,8,8
"org.jabref.gui.importer.UnlinkedFilesCrawler",5,0,1,0,7,11
"org.jabref.gui.importer.UnlinkedPDFFileFilter",6,0,1,0,5,2
"org.jabref.gui.importer.ZipFileChooser",5,1,2,0,9,7
"org.jabref.gui.importer.ZipFileChooser.ZipFileChooserTableModel",2,0,3,0,8,10
"org.jabref.gui.importer.actions.AppendDatabaseAction",35,0,1,0,53,19
"org.jabref.gui.importer.actions.CheckForNewEntryTypesAction",13,0,1,0,17,15
"org.jabref.gui.importer.actions.GUIPostOpenAction",n/a,n/a,n/a,n/a,2,n/a
"org.jabref.gui.importer.actions.HandleDuplicateWarnings",6,0,2,0,5,3
"org.jabref.gui.importer.actions.MergeReviewIntoCommentAction",7,0,2,0,8,3
"org.jabref.gui.importer.actions.MergeReviewIntoCommentConfirmationDialog",4,0,1,0,3,2
"org.jabref.gui.importer.actions.OpenDatabaseAction",35,1,1,0,53,28
"org.jabref.gui.importer.fetcher.ACMPortalFetcher",17,0,5,0,35,42
"org.jabref.gui.importer.fetcher.CiteSeerXFetcher",12,0,3,0,17,18
"org.jabref.gui.importer.fetcher.DOAJFetcher",11,0,3,0,25,13
"org.jabref.gui.importer.fetcher.EntryFetcher",n/a,n/a,n/a,n/a,4,n/a
"org.jabref.gui.importer.fetcher.EntryFetchers",14,0,1,0,5,2
"org.jabref.gui.importer.fetcher.GeneralFetcher",21,1,3,0,43,20
"org.jabref.gui.importer.fetcher.GeneralFetcher.EntryFetcherComparator",2,0,1,0,2,1
"org.jabref.gui.importer.fetcher.IEEEXploreFetcher",21,0,2,0,49,48
"org.jabref.gui.importer.fetcher.INSPIREFetcher",13,0,4,0,17,7
"org.jabref.gui.importer.fetcher.OAI2Fetcher",11,0,3,0,24,21
"org.jabref.gui.importer.fetcher.PreviewEntryFetcher",n/a,n/a,n/a,n/a,4,n/a
"org.jabref.gui.importer.fetcher.SearchBasedEntryFetcher",12,0,3,0,13,6
"org.jabref.gui.importer.fetcher.SpringerFetcher",9,0,3,0,23,13
"org.jabref.gui.journals.AbbreviateAction",12,1,1,0,18,8
"org.jabref.gui.journals.AbbreviationViewModel",6,0,4,0,14,14
"org.jabref.gui.journals.AbbreviationsFileViewModel",6,0,1,0,14,14
"org.jabref.gui.journals.JournalAbbreviationsUtil",2,0,1,0,4,4
"org.jabref.gui.journals.ManageJournalAbbreviationsController",13,1,1,0,31,21
"org.jabref.gui.journals.ManageJournalAbbreviationsController.JournalAbbreviationsAbbreviationTableEditingCell",4,0,1,0,11,15
"org.jabref.gui.journals.ManageJournalAbbreviationsController.JournalAbbreviationsNameTableEditingCell",4,0,1,0,11,15
"org.jabref.gui.journals.ManageJournalAbbreviationsView",5,2,1,0,3,1
"org.jabref.gui.journals.ManageJournalAbbreviationsViewModel",17,1,2,0,54,52
"org.jabref.gui.journals.ManageJournalsAction",4,1,1,0,6,2
"org.jabref.gui.journals.UnabbreviateAction",11,1,1,0,17,9
"org.jabref.gui.journals.UndoableAbbreviator",6,0,1,0,12,8
"org.jabref.gui.journals.UndoableUnabbreviator",6,0,1,0,11,6
"org.jabref.gui.keyboard.EmacsKeyBindings",16,0,3,0,25,28
"org.jabref.gui.keyboard.EmacsKeyBindings.BackwardKillWordAction",2,0,1,0,4,4
"org.jabref.gui.keyboard.EmacsKeyBindings.CapitalizeWordAction",1,0,1,0,3,5
"org.jabref.gui.keyboard.EmacsKeyBindings.DowncaseWordAction",1,0,1,0,3,3
"org.jabref.gui.keyboard.EmacsKeyBindings.KillLineAction",2,0,1,0,4,5
"org.jabref.gui.keyboard.EmacsKeyBindings.KillRegionAction",1,0,1,0,3,2
"org.jabref.gui.keyboard.EmacsKeyBindings.KillRing",6,0,3,0,7,11
"org.jabref.gui.keyboard.EmacsKeyBindings.KillRingSaveAction",1,0,1,0,3,2
"org.jabref.gui.keyboard.EmacsKeyBindings.KillWordAction",2,0,1,0,5,4
"org.jabref.gui.keyboard.EmacsKeyBindings.SetMarkCommandAction",1,0,1,0,5,6
"org.jabref.gui.keyboard.EmacsKeyBindings.UpcaseWordAction",1,0,1,0,3,3
"org.jabref.gui.keyboard.EmacsKeyBindings.YankAction",3,0,1,0,5,3
"org.jabref.gui.keyboard.EmacsKeyBindings.YankPopAction",3,0,1,0,6,4
"org.jabref.gui.keyboard.KeyBinder",6,0,1,0,4,2
"org.jabref.gui.keyboard.KeyBinding",71,n/a,4,n/a,7,5
"org.jabref.gui.keyboard.KeyBindingAction",5,0,1,0,5,2
"org.jabref.gui.keyboard.KeyBindingCategory",4,n/a,1,n/a,3,2
"org.jabref.gui.keyboard.KeyBindingRepository",72,0,2,0,23,36
"org.jabref.gui.keyboard.KeyBindingViewModel",7,0,2,0,20,24
"org.jabref.gui.keyboard.KeyBindingsDialogController",10,1,1,0,14,4
"org.jabref.gui.keyboard.KeyBindingsDialogView",5,2,1,0,3,1
"org.jabref.gui.keyboard.KeyBindingsDialogViewModel",8,1,1,0,22,13
"org.jabref.gui.logging.ApplicationInsightsAppender",1,3,2,0,7,4
"org.jabref.gui.logging.GuiAppender",2,3,2,0,8,5
"org.jabref.gui.maintable.ListSynchronizer",6,0,1,0,11,8
"org.jabref.gui.maintable.MainTable",49,0,4,0,93,90
"org.jabref.gui.maintable.MainTable.CellRendererMode",1,n/a,0,n/a,0,0
"org.jabref.gui.maintable.MainTableColumn",13,0,2,7,16,23
"org.jabref.gui.maintable.MainTableDataModel",20,0,4,0,28,30
"org.jabref.gui.maintable.MainTableDataModel.DisplayOption",8,n/a,0,n/a,0,0
"org.jabref.gui.maintable.MainTableDataModel.FilterAndSortingState",2,0,0,0,0,0
"org.jabref.gui.maintable.MainTableDataModel.GenericCompositeComparator",2,0,1,0,2,4
"org.jabref.gui.maintable.MainTableDataModel.StartStopListFilterAction",2,0,1,0,9,4
"org.jabref.gui.maintable.MainTableFormat",12,0,1,0,21,23
"org.jabref.gui.maintable.MainTableHeaderRenderer",2,0,1,0,2,4
"org.jabref.gui.maintable.MainTableNameFormatter",5,0,1,0,7,7
"org.jabref.gui.maintable.MainTableSelectionListener",38,0,8,0,72,76
"org.jabref.gui.maintable.PersistenceTableColumnListener",4,0,2,0,9,11
"org.jabref.gui.maintable.PreventDraggingJTableHeader",3,0,3,0,9,11
"org.jabref.gui.maintable.SpecialMainTableColumnsBuilder",13,0,5,0,15,29
"org.jabref.gui.menus.ChangeEntryTypeMenu",17,0,3,0,18,18
"org.jabref.gui.menus.FileHistoryMenu",8,0,1,0,17,11
"org.jabref.gui.menus.RightClickMenu",28,0,4,0,45,28
"org.jabref.gui.menus.RightClickMenu.GeneralAction",5,0,1,0,8,5
"org.jabref.gui.mergeentries.EntryFetchAndMergeWorker",9,0,1,0,9,5
"org.jabref.gui.mergeentries.FetchAndMergeEntry",10,0,1,0,12,6
"org.jabref.gui.mergeentries.FetchAndMergeWorker",12,0,1,0,11,6
"org.jabref.gui.mergeentries.MergeEntries",18,0,1,0,50,46
"org.jabref.gui.mergeentries.MergeEntriesDialog",13,1,1,0,34,3
"org.jabref.gui.mergeentries.MergeFetchedEntryDialog",13,1,1,0,25,2
"org.jabref.gui.mergeentries.MergeFetchedEntryDialog.CancelAction",3,0,1,0,4,2
"org.jabref.gui.mergeentries.MergeFetchedEntryDialog.ReplaceAction",10,0,1,0,19,8
"org.jabref.gui.mergeentries.MergeWithFetchedEntryAction",7,0,1,0,9,3
"org.jabref.gui.openoffice.AdvancedCiteDialog",6,0,4,0,19,7
"org.jabref.gui.openoffice.BibEntryNotFoundException",2,0,1,0,2,2
"org.jabref.gui.openoffice.CitationManager",11,0,2,0,20,7
"org.jabref.gui.openoffice.CitationManager.CitationEntryFormat",3,0,3,0,6,5
"org.jabref.gui.openoffice.CitationManager.SingleCitationDialog",7,0,1,0,20,4
"org.jabref.gui.openoffice.CitationManager.TableClickListener",2,0,1,0,3,3
"org.jabref.gui.openoffice.ConnectionLostException",2,0,0,0,1,1
"org.jabref.gui.openoffice.CreationException",1,0,0,0,1,1
"org.jabref.gui.openoffice.DetectOpenOfficeInstallation",14,1,1,0,30,23
"org.jabref.gui.openoffice.NoDocumentException",1,0,0,0,1,1
"org.jabref.gui.openoffice.OOBibBase",21,0,1,0,120,171
"org.jabref.gui.openoffice.OOBibBase.ComparableMark",1,0,2,0,5,8
"org.jabref.gui.openoffice.OpenOfficePanel",48,1,1,0,113,49
"org.jabref.gui.openoffice.OpenOfficeSidePanel",10,1,3,0,14,6
"org.jabref.gui.openoffice.StyleSelectDialog",25,0,1,0,62,31
"org.jabref.gui.openoffice.StyleSelectDialog.AddFileDialog",13,1,1,0,22,5
"org.jabref.gui.openoffice.StyleSelectDialog.EntrySelectionListener",3,0,1,0,5,3
"org.jabref.gui.openoffice.StyleSelectDialog.StyleTableFormat",3,0,3,0,8,12
"org.jabref.gui.openoffice.UndefinedCharacterFormatException",2,0,1,0,2,2
"org.jabref.gui.plaintextimport.BasicAction",3,0,1,3,3,2
"org.jabref.gui.plaintextimport.PopupListener",1,0,1,0,4,5
"org.jabref.gui.plaintextimport.TagToMarkedTextStore",3,0,1,0,7,9
"org.jabref.gui.plaintextimport.TagToMarkedTextStore.TMarkedStoreItem",1,0,1,0,3,3
"org.jabref.gui.plaintextimport.TextInputDialog",36,1,1,0,60,30
"org.jabref.gui.plaintextimport.TextInputDialog.ClearAction",5,1,1,0,5,2
"org.jabref.gui.plaintextimport.TextInputDialog.FieldListMouseListener",1,0,1,0,2,2
"org.jabref.gui.plaintextimport.TextInputDialog.FieldListSelectionHandler",2,0,1,0,2,4
"org.jabref.gui.plaintextimport.TextInputDialog.LoadAction",13,1,1,0,11,4
"org.jabref.gui.plaintextimport.TextInputDialog.MenuTextForTagAction",1,0,1,0,3,2
"org.jabref.gui.plaintextimport.TextInputDialog.PasteAction",6,1,1,0,7,3
"org.jabref.gui.plaintextimport.TextInputDialog.SimpleCellRenderer",7,0,1,0,6,5
"org.jabref.gui.preftabs.AdvancedTab",13,0,2,0,32,12
"org.jabref.gui.preftabs.AppearancePrefsTab",8,0,2,0,30,15
"org.jabref.gui.preftabs.AppearancePrefsTab.LookAndFeel",1,0,1,0,1,1
"org.jabref.gui.preftabs.BibtexKeyPatternPrefTab",8,1,3,0,21,10
"org.jabref.gui.preftabs.ColorSetupPanel",6,0,1,0,20,6
"org.jabref.gui.preftabs.ColorSetupPanel.ColorButton",5,0,5,0,13,11
"org.jabref.gui.preftabs.ColorSetupPanel.ColorButtonListener",2,0,1,0,6,3
"org.jabref.gui.preftabs.EntryEditorPrefsTab",7,0,3,0,30,18
"org.jabref.gui.preftabs.ExportSortingPrefsTab",5,0,3,0,22,8
"org.jabref.gui.preftabs.ExternalTab",11,0,4,0,27,22
"org.jabref.gui.preftabs.FileTab",15,0,2,0,20,15
"org.jabref.gui.preftabs.FontSelectorDialog",4,1,3,0,6,14
"org.jabref.gui.preftabs.GeneralTab",12,0,2,0,25,10
"org.jabref.gui.preftabs.GeneralTab.DefaultBibModeRenderer",2,0,1,0,2,1
"org.jabref.gui.preftabs.GroupsPrefsTab",4,0,3,0,16,7
"org.jabref.gui.preftabs.ImportSettingsTab",6,0,3,0,18,16
"org.jabref.gui.preftabs.NameFormatterTab",10,0,3,0,21,25
"org.jabref.gui.preftabs.NameFormatterTab.AddRowAction",6,0,1,0,5,6
"org.jabref.gui.preftabs.NameFormatterTab.DeleteRowAction",5,0,1,0,4,5
"org.jabref.gui.preftabs.NameFormatterTab.TableRow",3,0,2,0,7,7
"org.jabref.gui.preftabs.NetworkTab",7,0,2,0,23,12
"org.jabref.gui.preftabs.PreferencesDialog",39,1,2,0,54,13
"org.jabref.gui.preftabs.PreferencesDialog.CancelAction",1,0,1,0,2,2
"org.jabref.gui.preftabs.PreferencesDialog.ExportAction",11,0,1,0,13,2
"org.jabref.gui.preftabs.PreferencesDialog.OkAction",1,0,1,0,3,2
"org.jabref.gui.preftabs.PreferencesFilterDialog",7,1,1,0,7,3
"org.jabref.gui.preftabs.PreferencesFilterDialog.PreferencesTableModel",3,0,3,0,10,14
"org.jabref.gui.preftabs.PrefsTab",n/a,n/a,n/a,n/a,4,n/a
"org.jabref.gui.preftabs.PreviewPrefsTab",15,0,2,0,35,25
"org.jabref.gui.preftabs.TableColumnsTab",20,0,3,0,36,41
"org.jabref.gui.preftabs.TableColumnsTab.AbstractMoveRowAction",4,0,1,2,2,4
"org.jabref.gui.preftabs.TableColumnsTab.AddRowAction",6,0,1,0,5,6
"org.jabref.gui.preftabs.TableColumnsTab.DeleteRowAction",5,0,1,0,4,6
"org.jabref.gui.preftabs.TableColumnsTab.MoveRowDownAction",6,1,1,0,6,6
"org.jabref.gui.preftabs.TableColumnsTab.MoveRowUpAction",6,1,1,0,6,6
"org.jabref.gui.preftabs.TableColumnsTab.TableRow",4,0,2,0,7,7
"org.jabref.gui.preftabs.TableColumnsTab.UpdateOrderAction",4,0,1,0,5,6
"org.jabref.gui.preftabs.TableColumnsTab.UpdateWidthsAction",4,0,1,0,5,7
"org.jabref.gui.preftabs.TablePrefsTab",7,0,3,0,20,17
"org.jabref.gui.preftabs.XmpPrefsTab",7,0,3,0,19,19
"org.jabref.gui.preftabs.XmpPrefsTab.AddRowAction",5,0,1,0,4,6
"org.jabref.gui.preftabs.XmpPrefsTab.DeleteRowAction",5,0,1,0,4,6
"org.jabref.gui.protectedterms.NewProtectedTermsFileDialog",16,1,1,0,24,5
"org.jabref.gui.protectedterms.ProtectedTermsDialog",22,0,1,0,41,23
"org.jabref.gui.protectedterms.ProtectedTermsDialog.AddFileDialog",13,1,1,0,21,4
"org.jabref.gui.protectedterms.ProtectedTermsDialog.EntrySelectionListener",1,0,1,0,2,2
"org.jabref.gui.protectedterms.ProtectedTermsDialog.TermTableModel",4,0,5,0,13,21
"org.jabref.gui.push.AbstractPushToApplication",21,0,4,6,25,19
"org.jabref.gui.push.PushToApplication",n/a,n/a,n/a,n/a,9,n/a
"org.jabref.gui.push.PushToApplicationAction",8,0,1,0,17,12
"org.jabref.gui.push.PushToApplicationButton",16,0,1,0,30,19
"org.jabref.gui.push.PushToApplicationButton.BooleanHolder",1,0,0,0,1,1
"org.jabref.gui.push.PushToApplicationButton.MenuAction",6,1,3,0,9,4
"org.jabref.gui.push.PushToApplicationButton.PopupItemActionListener",2,0,1,0,3,2
"org.jabref.gui.push.PushToApplicationButton.PushButtonMouseListener",2,0,1,0,5,8
"org.jabref.gui.push.PushToApplications",9,0,1,0,2,2
"org.jabref.gui.push.PushToEmacs",14,1,4,0,24,15
"org.jabref.gui.push.PushToLyx",12,1,4,0,13,12
"org.jabref.gui.push.PushToTeXstudio",5,1,4,0,6,4
"org.jabref.gui.push.PushToTexmaker",5,1,4,0,6,4
"org.jabref.gui.push.PushToVim",12,1,3,0,23,13
"org.jabref.gui.push.PushToWinEdt",5,1,4,0,6,4
"org.jabref.gui.remote.JabRefMessageHandler",8,0,1,0,6,3
"org.jabref.gui.renderer.CompleteRenderer",2,1,2,0,5,3
"org.jabref.gui.renderer.GeneralRenderer",6,0,3,2,6,12
"org.jabref.gui.renderer.IncompleteRenderer",5,1,2,0,7,3
"org.jabref.gui.search.GlobalSearchBar",43,0,1,0,75,43
"org.jabref.gui.search.GlobalSearchBar.SearchKeyAdapter",6,0,1,0,7,8
"org.jabref.gui.search.GlobalSearchWorker",8,0,2,0,14,6
"org.jabref.gui.search.HitOrMissComparator",2,0,1,0,3,3
"org.jabref.gui.search.SearchDisplayMode",4,n/a,2,n/a,4,3
"org.jabref.gui.search.SearchResultFrame",27,0,3,0,57,44
"org.jabref.gui.search.SearchResultFrame.EntrySelectionListener",4,0,1,0,6,2
"org.jabref.gui.search.SearchResultFrame.EntryTableFormat",13,0,2,0,17,19
"org.jabref.gui.search.SearchResultFrame.TableClickListener",8,0,1,0,19,18
"org.jabref.gui.search.SearchTextField",2,0,1,0,2,1
"org.jabref.gui.search.SearchWorker",13,0,1,0,23,15
"org.jabref.gui.search.matchers.EverythingMatcher",2,0,1,0,1,1
"org.jabref.gui.search.matchers.SearchMatcher",3,0,1,0,2,1
"org.jabref.gui.search.rules.describer.ContainsAndRegexBasedSearchRuleDescriber",2,0,1,0,6,8
"org.jabref.gui.search.rules.describer.GrammarBasedSearchRuleDescriber",2,0,1,0,4,3
"org.jabref.gui.search.rules.describer.GrammarBasedSearchRuleDescriber.DescriptionSearchBaseVisitor",12,2,5,0,14,14
"org.jabref.gui.search.rules.describer.SearchDescriber",n/a,n/a,n/a,n/a,1,n/a
"org.jabref.gui.search.rules.describer.SearchDescribers",4,0,1,0,9,5
"org.jabref.gui.shared.ConnectToSharedDatabaseDialog",29,1,1,0,55,33
"org.jabref.gui.shared.MergeSharedEntryDialog",8,0,1,0,15,6
"org.jabref.gui.shared.MigrationHelpDialog",5,1,0,0,4,2
"org.jabref.gui.shared.SharedDatabaseUIManager",29,0,1,0,56,10
"org.jabref.gui.specialfields.SpecialFieldAction",16,0,1,0,21,11
"org.jabref.gui.specialfields.SpecialFieldDatabaseChangeListener",11,0,2,0,10,5
"org.jabref.gui.specialfields.SpecialFieldDropDown",5,0,1,0,6,3
"org.jabref.gui.specialfields.SpecialFieldDropDown.MenuButtonActionListener",6,0,1,0,10,4
"org.jabref.gui.specialfields.SpecialFieldDropDown.MenuButtonActionListener.PopupitemActionListener",2,0,1,0,3,2
"org.jabref.gui.specialfields.SpecialFieldMenuAction",5,0,1,0,7,3
"org.jabref.gui.specialfields.SpecialFieldUpdateListener",11,0,2,0,12,6
"org.jabref.gui.specialfields.SpecialFieldValueViewModel",11,0,1,0,8,74
"org.jabref.gui.specialfields.SpecialFieldViewModel",13,0,1,0,10,18
"org.jabref.gui.undo.AbstractUndoableJabRefEdit",14,0,2,13,3,2
"org.jabref.gui.undo.CountingUndoManager",42,0,1,0,16,13
"org.jabref.gui.undo.NamedCompound",44,0,2,0,7,7
"org.jabref.gui.undo.UndoableChangeType",9,1,1,0,13,5
"org.jabref.gui.undo.UndoableFieldChange",28,1,1,0,15,7
"org.jabref.gui.undo.UndoableInsertEntry",14,1,1,0,10,4
"org.jabref.gui.undo.UndoableInsertString",12,1,1,0,11,4
"org.jabref.gui.undo.UndoableKeyChange",10,1,1,0,11,5
"org.jabref.gui.undo.UndoablePreambleChange",6,1,2,0,7,4
"org.jabref.gui.undo.UndoableRemoveEntry",12,1,1,0,10,4
"org.jabref.gui.undo.UndoableRemoveString",9,1,1,0,11,4
"org.jabref.gui.undo.UndoableStringChange",8,1,1,0,10,7
"org.jabref.gui.util.BackgroundTask",13,0,7,2,19,19
"org.jabref.gui.util.BackgroundTask.BackgroundProgress",1,0,1,0,4,5
"org.jabref.gui.util.BindingsHelper",12,0,11,0,19,16
"org.jabref.gui.util.BindingsHelper.BidirectionalBinding",1,0,3,0,6,7
"org.jabref.gui.util.BindingsHelper.BidirectionalListBinding",1,0,1,0,3,5
"org.jabref.gui.util.BindingsHelper.BidirectionalMapBinding",1,0,1,0,3,5
"org.jabref.gui.util.ControlHelper",14,0,1,0,2,1
"org.jabref.gui.util.CurrentThreadTaskExecutor",3,0,2,0,7,5
"org.jabref.gui.util.CurrentThreadTaskExecutor.FailedFuture",1,0,4,0,6,6
"org.jabref.gui.util.DefaultFileUpdateMonitor",3,0,1,0,8,8
"org.jabref.gui.util.DefaultTaskExecutor",45,0,3,0,10,13
"org.jabref.gui.util.DirectoryDialogConfiguration",9,0,1,0,2,2
"org.jabref.gui.util.DirectoryDialogConfiguration.Builder",7,0,2,0,4,5
"org.jabref.gui.util.FileDialogConfiguration",28,0,5,0,7,7
"org.jabref.gui.util.FileDialogConfiguration.Builder",28,0,2,0,12,14
"org.jabref.gui.util.FileFilterConverter",7,0,4,0,10,7
"org.jabref.gui.util.IconValidationDecorator",3,0,1,0,8,10
"org.jabref.gui.util.MappedList",1,0,2,0,5,15
"org.jabref.gui.util.OnlyIntegerFormatter",2,0,0,0,2,2
"org.jabref.gui.util.OnlyIntegerFormatter.IntegerFilter",1,0,1,0,1,2
"org.jabref.gui.util.OpenHyperlinksInExternalBrowser",2,0,2,0,4,5
"org.jabref.gui.util.RecursiveTreeItem",3,0,2,0,8,16
"org.jabref.gui.util.TaskExecutor",n/a,n/a,n/a,n/a,2,n/a
"org.jabref.gui.util.TooltipTextUtil",3,0,2,0,5,17
"org.jabref.gui.util.TooltipTextUtil.TextReplacement",2,0,0,0,1,1
"org.jabref.gui.util.TooltipTextUtil.TextType",2,n/a,0,n/a,0,0
"org.jabref.gui.util.ValueTableCellFactory",3,0,1,0,5,12
"org.jabref.gui.util.ViewModelListCellFactory",5,0,1,0,14,28
"org.jabref.gui.util.ViewModelTreeTableCellFactory",3,0,1,0,6,13
"org.jabref.gui.util.WindowLocation",11,0,1,0,12,19
"org.jabref.gui.util.WindowLocation.WindowPosition",1,0,0,0,1,1
"org.jabref.gui.util.comparator.FirstColumnComparator",4,0,1,0,4,4
"org.jabref.gui.util.comparator.IconComparator",4,0,1,0,3,7
"org.jabref.gui.util.comparator.IsMarkedComparator",3,0,1,0,2,1
"org.jabref.gui.util.comparator.RankingFieldComparator",3,0,1,0,3,5
"org.jabref.gui.util.component.CheckBoxMessage",3,0,1,0,2,2
"org.jabref.gui.util.component.DiffHighlightingTextPane",1,0,0,0,1,1
"org.jabref.gui.util.component.JTextAreaWithPlaceholder",1,0,4,1,7,11
"org.jabref.gui.util.component.JTextFieldWithPlaceholder",1,0,4,1,6,10
"org.jabref.gui.util.component.OverlayPanel",1,0,1,0,2,3
"org.jabref.gui.util.component.Tag",2,0,1,0,8,8
"org.jabref.gui.util.component.TagBar",4,0,2,0,15,16
"org.jabref.gui.util.component.TemporalAccessorPicker",3,0,4,0,10,16
"org.jabref.gui.util.component.TemporalAccessorPicker.InternalConverter",1,0,1,0,5,4
"org.jabref.gui.worker.AbstractWorker",19,0,4,17,7,5
"org.jabref.gui.worker.CallBack",n/a,n/a,n/a,n/a,1,n/a
"org.jabref.gui.worker.CitationStyleToClipboardWorker",18,0,1,0,30,17
"org.jabref.gui.worker.LookupIdentifiersWorker",13,1,1,0,17,8
"org.jabref.gui.worker.MarkEntriesAction",12,1,3,0,19,11
"org.jabref.gui.worker.SendAsEMailAction",12,1,1,0,20,10
"org.jabref.gui.worker.VersionWorker",5,0,1,0,10,10
"org.jabref.logic.TypedBibEntry",13,0,1,0,11,7
"org.jabref.logic.autosaveandbackup.AutosaveManager",6,0,2,0,15,7
"org.jabref.logic.autosaveandbackup.BackupManager",18,0,1,0,29,16
"org.jabref.logic.auxparser.DefaultAuxParser",9,0,1,0,23,21
"org.jabref.logic.bibtex.BibEntryWriter",16,0,1,0,27,24
"org.jabref.logic.bibtex.DuplicateCheck",20,0,2,0,31,51
"org.jabref.logic.bibtex.FieldContentParser",6,0,2,0,5,4
"org.jabref.logic.bibtex.FieldContentParserPreferences",4,0,1,0,3,3
"org.jabref.logic.bibtex.InvalidFieldValueException",5,0,0,0,1,1
"org.jabref.logic.bibtex.LatexFieldFormatter",14,0,2,0,21,47
"org.jabref.logic.bibtex.LatexFieldFormatterPreferences",7,0,4,0,7,6
"org.jabref.logic.bibtex.comparator.BibDatabaseDiff",11,0,7,0,18,22
"org.jabref.logic.bibtex.comparator.BibEntryDiff",3,0,2,0,3,3
"org.jabref.logic.bibtex.comparator.BibStringDiff",4,0,3,0,8,11
"org.jabref.logic.bibtex.comparator.BibtexStringComparator",3,0,1,0,4,6
"org.jabref.logic.bibtex.comparator.CrossRefEntryComparator",3,0,1,0,2,3
"org.jabref.logic.bibtex.comparator.EntryComparator",7,0,1,0,10,26
"org.jabref.logic.bibtex.comparator.FieldComparator",16,0,3,0,15,26
"org.jabref.logic.bibtex.comparator.FieldComparator.FieldType",1,n/a,0,n/a,0,0
"org.jabref.logic.bibtex.comparator.FieldComparatorStack",4,0,1,0,2,4
"org.jabref.logic.bibtex.comparator.GroupDiff",4,0,3,0,5,5
"org.jabref.logic.bibtex.comparator.IdComparator",2,0,1,0,2,1
"org.jabref.logic.bibtex.comparator.MetaDataDiff",4,0,3,0,6,5
"org.jabref.logic.bibtex.comparator.PreambleDiff",4,0,2,0,5,4
"org.jabref.logic.bibtexkeypattern.BibtexKeyGenerator",27,1,1,0,32,26
"org.jabref.logic.bibtexkeypattern.BibtexKeyPatternPreferences",11,0,7,0,8,8
"org.jabref.logic.bibtexkeypattern.BracketedPattern",16,0,1,1,58,211
"org.jabref.logic.bst.BibtexCaseChanger",5,0,1,0,8,47
"org.jabref.logic.bst.BibtexCaseChanger.FORMAT_MODE",2,n/a,1,n/a,4,5
"org.jabref.logic.bst.BibtexNameFormatter",7,0,1,0,15,61
"org.jabref.logic.bst.BibtexPurify",4,0,1,0,4,17
"org.jabref.logic.bst.BibtexTextPrefix",3,0,1,0,3,12
"org.jabref.logic.bst.BibtexWidth",3,0,1,0,5,27
"org.jabref.logic.bst.ChangeCaseFunction",6,0,1,0,6,5
"org.jabref.logic.bst.FormatNameFunction",7,0,1,0,8,6
"org.jabref.logic.bst.PurifyFunction",5,0,1,0,6,4
"org.jabref.logic.bst.TextPrefixFunction",5,0,1,0,6,5
"org.jabref.logic.bst.VM",19,0,3,0,66,145
"org.jabref.logic.bst.VM.BstEntry",10,0,2,0,3,3
"org.jabref.logic.bst.VM.BstFunction",n/a,n/a,n/a,n/a,1,n/a
"org.jabref.logic.bst.VM.Identifier",2,0,1,0,2,2
"org.jabref.logic.bst.VM.MacroFunction",3,0,1,0,3,2
"org.jabref.logic.bst.VM.StackFunction",6,0,1,0,12,10
"org.jabref.logic.bst.VM.Variable",0,0,1,0,2,2
"org.jabref.logic.bst.VMException",8,0,0,0,1,1
"org.jabref.logic.bst.Warn",n/a,n/a,n/a,n/a,1,n/a
"org.jabref.logic.bst.WidthFunction",5,0,1,0,6,4
"org.jabref.logic.citationstyle.CSLAdapter",4,0,1,0,5,4
"org.jabref.logic.citationstyle.CSLAdapter.JabRefItemDataProvider",5,0,2,0,8,5
"org.jabref.logic.citationstyle.CitationStyle",8,0,4,0,14,23
"org.jabref.logic.citationstyle.CitationStyleCache",8,0,1,0,15,7
"org.jabref.logic.citationstyle.CitationStyleCache.BibDatabaseEntryListener",4,0,1,0,4,2
"org.jabref.logic.citationstyle.CitationStyleGenerator",7,0,1,0,9,5
"org.jabref.logic.citationstyle.CitationStyleOutputFormat",6,n/a,2,n/a,4,4
"org.jabref.logic.cleanup.CleanupPreferences",5,0,4,0,5,5
"org.jabref.logic.cleanup.CleanupPreset",6,0,2,0,17,16
"org.jabref.logic.cleanup.CleanupPreset.CleanupStep",3,n/a,0,n/a,0,0
"org.jabref.logic.cleanup.CleanupWorker",19,0,1,0,27,15
"org.jabref.logic.cleanup.Cleanups",21,0,1,0,11,13
"org.jabref.logic.cleanup.ConvertToBiblatexCleanup",7,0,1,0,6,4
"org.jabref.logic.cleanup.ConvertToBibtexCleanup",7,0,1,0,6,6
"org.jabref.logic.cleanup.DoiCleanup",10,0,1,0,9,8
"org.jabref.logic.cleanup.FileLinksCleanup",7,0,1,0,6,3
"org.jabref.logic.cleanup.ISSNCleanup",6,0,1,0,7,3
"org.jabref.logic.cleanup.MoveFieldCleanup",7,0,1,0,6,2
"org.jabref.logic.cleanup.MoveFilesCleanup",11,0,1,0,16,15
"org.jabref.logic.cleanup.RelativePathsCleanup",8,0,1,0,10,6
"org.jabref.logic.cleanup.RenamePdfCleanup",12,0,1,0,21,17
"org.jabref.logic.cleanup.UpgradePdfPsToFileCleanup",8,0,1,0,9,5
"org.jabref.logic.exporter.BibDatabaseWriter",34,0,2,1,55,32
"org.jabref.logic.exporter.BibDatabaseWriter.SaveSessionFactory",n/a,n/a,n/a,n/a,1,n/a
"org.jabref.logic.exporter.BibTeXMLExporter",22,1,1,0,14,34
"org.jabref.logic.exporter.BibtexDatabaseWriter",23,1,1,0,25,17
"org.jabref.logic.exporter.Exporter",17,0,4,8,7,5
"org.jabref.logic.exporter.ExporterFactory",21,0,2,0,16,8
"org.jabref.logic.exporter.FileSaveSession",12,1,3,0,13,12
"org.jabref.logic.exporter.GroupSerializer",16,0,1,0,34,19
"org.jabref.logic.exporter.MSBibExporter",10,1,1,0,10,3
"org.jabref.logic.exporter.MetaDataSerializer",11,0,1,0,23,17
"org.jabref.logic.exporter.ModsExporter",36,1,1,0,55,66
"org.jabref.logic.exporter.OOCalcDatabase",9,0,1,0,12,6
"org.jabref.logic.exporter.OpenDocumentRepresentation",9,0,1,0,12,6
"org.jabref.logic.exporter.OpenDocumentSpreadsheetCreator",7,1,1,0,12,13
"org.jabref.logic.exporter.OpenOfficeDocumentCreator",7,1,1,0,12,12
"org.jabref.logic.exporter.SaveException",18,0,3,0,12,12
"org.jabref.logic.exporter.SavePreferences",18,0,1,0,19,18
"org.jabref.logic.exporter.SavePreferences.DatabaseSaveType",5,n/a,0,n/a,0,0
"org.jabref.logic.exporter.SaveSession",15,0,7,2,11,9
"org.jabref.logic.exporter.StringSaveSession",3,1,1,0,7,5
"org.jabref.logic.exporter.TemplateExporter",17,1,1,0,25,30
"org.jabref.logic.exporter.VerifyingWriter",8,0,1,0,4,8
"org.jabref.logic.exporter.XmpExporter",7,1,1,0,8,7
"org.jabref.logic.exporter.XmpPdfExporter",7,1,1,0,6,3
"org.jabref.logic.formatter.Formatters",28,0,1,0,8,11
"org.jabref.logic.formatter.IdentityFormatter",3,1,5,0,6,5
"org.jabref.logic.formatter.bibtexfields.AddBracesFormatter",3,1,5,0,6,6
"org.jabref.logic.formatter.bibtexfields.ClearFormatter",10,1,5,0,6,5
"org.jabref.logic.formatter.bibtexfields.EscapeUnderscoresFormatter",3,1,5,0,6,5
"org.jabref.logic.formatter.bibtexfields.HtmlToLatexFormatter",9,1,5,0,7,19
"org.jabref.logic.formatter.bibtexfields.HtmlToUnicodeFormatter",6,1,5,0,7,5
"org.jabref.logic.formatter.bibtexfields.LatexCleanupFormatter",3,1,5,0,6,5
"org.jabref.logic.formatter.bibtexfields.NormalizeDateFormatter",5,1,5,0,7,5
"org.jabref.logic.formatter.bibtexfields.NormalizeEnDashesFormatter",3,1,5,0,6,5
"org.jabref.logic.formatter.bibtexfields.NormalizeMonthFormatter",6,1,5,0,7,5
"org.jabref.logic.formatter.bibtexfields.NormalizeNamesFormatter",8,1,5,0,8,5
"org.jabref.logic.formatter.bibtexfields.NormalizePagesFormatter",6,1,5,0,7,8
"org.jabref.logic.formatter.bibtexfields.OrdinalsToSuperscriptFormatter",4,1,5,0,6,6
"org.jabref.logic.formatter.bibtexfields.RegexFormatter",3,1,5,0,8,10
"org.jabref.logic.formatter.bibtexfields.RemoveBracesFormatter",6,1,5,0,7,12
"org.jabref.logic.formatter.bibtexfields.RemoveHyphenatedNewlinesFormatter",3,1,5,0,6,5
"org.jabref.logic.formatter.bibtexfields.RemoveNewlinesFormatter",5,1,5,0,6,5
"org.jabref.logic.formatter.bibtexfields.UnicodeToLatexFormatter",7,1,5,0,6,13
"org.jabref.logic.formatter.bibtexfields.UnitsToLatexFormatter",6,1,5,0,7,10
"org.jabref.logic.formatter.casechanger.CapitalizeFormatter",5,1,5,0,9,5
"org.jabref.logic.formatter.casechanger.LowerCaseFormatter",6,1,5,0,9,5
"org.jabref.logic.formatter.casechanger.ProtectTermsFormatter",9,1,5,0,9,9
"org.jabref.logic.formatter.casechanger.SentenceCaseFormatter",7,1,5,0,10,5
"org.jabref.logic.formatter.casechanger.Title",7,0,1,0,6,7
"org.jabref.logic.formatter.casechanger.TitleCaseFormatter",6,1,5,0,11,7
"org.jabref.logic.formatter.casechanger.TitleParser",3,0,1,0,5,11
"org.jabref.logic.formatter.casechanger.UpperCaseFormatter",5,1,5,0,9,5
"org.jabref.logic.formatter.casechanger.Word",9,0,3,0,8,16
"org.jabref.logic.formatter.minifier.MinifyNameListFormatter",4,1,5,0,7,11
"org.jabref.logic.groups.DefaultGroupsFactory",8,0,1,0,5,2
"org.jabref.logic.help.HelpFile",42,n/a,1,n/a,2,2
"org.jabref.logic.importer.EntryBasedFetcher",n/a,n/a,n/a,n/a,1,n/a
"org.jabref.logic.importer.EntryBasedParserFetcher",n/a,n/a,n/a,n/a,6,n/a
"org.jabref.logic.importer.FetcherException",39,1,0,0,6,3
"org.jabref.logic.importer.FetcherResult",2,0,2,0,3,3
"org.jabref.logic.importer.FulltextFetcher",n/a,n/a,n/a,n/a,2,n/a
"org.jabref.logic.importer.FulltextFetchers",14,0,1,0,20,8
"org.jabref.logic.importer.IdBasedFetcher",n/a,n/a,n/a,n/a,1,n/a
"org.jabref.logic.importer.IdBasedParserFetcher",n/a,n/a,n/a,n/a,11,n/a
"org.jabref.logic.importer.IdFetcher",n/a,n/a,n/a,n/a,2,n/a
"org.jabref.logic.importer.IdParserFetcher",n/a,n/a,n/a,n/a,7,n/a
"org.jabref.logic.importer.ImportException",4,1,0,0,4,3
"org.jabref.logic.importer.ImportFormatPreferences",34,0,2,0,8,8
"org.jabref.logic.importer.ImportFormatReader",43,0,1,0,35,18
"org.jabref.logic.importer.ImportFormatReader.CheckedFunction",n/a,n/a,n/a,n/a,1,n/a
"org.jabref.logic.importer.ImportFormatReader.UnknownFormatImport",6,0,0,0,1,1
"org.jabref.logic.importer.ImportInspector",n/a,n/a,n/a,n/a,2,n/a
"org.jabref.logic.importer.Importer",30,0,4,21,20,16
"org.jabref.logic.importer.OpenDatabase",17,0,1,0,21,11
"org.jabref.logic.importer.OutputPrinter",n/a,n/a,n/a,n/a,3,n/a
"org.jabref.logic.importer.ParseException",21,0,0,0,3,3
"org.jabref.logic.importer.Parser",n/a,n/a,n/a,n/a,1,n/a
"org.jabref.logic.importer.ParserResult",60,0,7,0,37,33
"org.jabref.logic.importer.SearchBasedFetcher",n/a,n/a,n/a,n/a,1,n/a
"org.jabref.logic.importer.SearchBasedParserFetcher",n/a,n/a,n/a,n/a,7,n/a
"org.jabref.logic.importer.WebFetcher",n/a,n/a,n/a,n/a,2,n/a
"org.jabref.logic.importer.WebFetchers",40,0,7,0,22,15
"org.jabref.logic.importer.fetcher.ACS",6,0,2,0,8,4
"org.jabref.logic.importer.fetcher.AbstractIsbnFetcher",12,0,3,3,9,5
"org.jabref.logic.importer.fetcher.ArXiv",18,0,5,0,32,30
"org.jabref.logic.importer.fetcher.ArXiv.ArXivEntry",8,0,1,0,16,12
"org.jabref.logic.importer.fetcher.AstrophysicsDataSystem",21,0,4,0,25,11
"org.jabref.logic.importer.fetcher.BibsonomyScraper",6,0,1,0,5,2
"org.jabref.logic.importer.fetcher.CrossRef",21,0,3,0,41,21
"org.jabref.logic.importer.fetcher.DBLPFetcher",13,0,5,0,13,6
"org.jabref.logic.importer.fetcher.DiVA",8,0,5,0,10,6
"org.jabref.logic.importer.fetcher.DoiFetcher",21,0,4,0,17,7
"org.jabref.logic.importer.fetcher.DoiResolution",7,0,2,0,18,8
"org.jabref.logic.importer.fetcher.GoogleScholar",15,0,3,0,33,20
"org.jabref.logic.importer.fetcher.GvkFetcher",6,0,4,0,9,10
"org.jabref.logic.importer.fetcher.IEEE",7,0,2,0,5,10
"org.jabref.logic.importer.fetcher.IacrEprintFetcher",12,0,2,0,21,24
"org.jabref.logic.importer.fetcher.IsbnFetcher",8,1,4,0,12,7
"org.jabref.logic.importer.fetcher.IsbnViaChimboriFetcher",8,1,2,0,18,9
"org.jabref.logic.importer.fetcher.IsbnViaEbookDeFetcher",9,1,3,0,13,4
"org.jabref.logic.importer.fetcher.LibraryOfCongress",6,0,3,0,7,4
"org.jabref.logic.importer.fetcher.MathSciNet",16,0,5,0,19,8
"org.jabref.logic.importer.fetcher.MedlineFetcher",15,0,5,0,22,23
"org.jabref.logic.importer.fetcher.MrDLibFetcher",11,0,2,0,28,7
"org.jabref.logic.importer.fetcher.OpenAccessDoi",6,0,3,0,11,5
"org.jabref.logic.importer.fetcher.RfcFetcher",8,0,4,0,8,6
"org.jabref.logic.importer.fetcher.ScienceDirect",7,0,2,0,25,10
"org.jabref.logic.importer.fetcher.SpringerLink",6,0,2,0,10,4
"org.jabref.logic.importer.fetcher.TitleFetcher",10,0,3,0,10,5
"org.jabref.logic.importer.fetcher.TrustLevel",11,n/a,1,n/a,2,2
"org.jabref.logic.importer.fetcher.ZbMATH",13,0,4,0,14,5
"org.jabref.logic.importer.fileformat.BibTeXMLImporter",11,1,5,0,34,45
"org.jabref.logic.importer.fileformat.BiblioscapeImporter",6,1,5,0,8,73
"org.jabref.logic.importer.fileformat.BibtexImporter",9,1,6,0,13,15
"org.jabref.logic.importer.fileformat.BibtexParser",38,0,3,0,79,144
"org.jabref.logic.importer.fileformat.CopacImporter",6,1,6,0,11,29
"org.jabref.logic.importer.fileformat.CustomImporter",9,1,3,0,20,16
"org.jabref.logic.importer.fileformat.EndnoteImporter",10,1,6,0,15,61
"org.jabref.logic.importer.fileformat.EndnoteXmlImporter",15,1,7,0,32,32
"org.jabref.logic.importer.fileformat.FreeCiteImporter",12,1,5,0,15,22
"org.jabref.logic.importer.fileformat.GvkParser",5,0,1,0,10,89
"org.jabref.logic.importer.fileformat.InspecImporter",7,1,5,0,8,25
"org.jabref.logic.importer.fileformat.IsiImporter",9,1,7,0,18,78
"org.jabref.logic.importer.fileformat.MedlineImporter",63,1,6,0,159,152
"org.jabref.logic.importer.fileformat.MedlinePlainImporter",9,1,6,0,19,84
"org.jabref.logic.importer.fileformat.ModsImporter",40,1,5,0,52,81
"org.jabref.logic.importer.fileformat.MrDLibImporter",8,1,4,0,12,10
"org.jabref.logic.importer.fileformat.MrDLibImporter.MrDlibImporterHandler",4,0,1,0,7,20
"org.jabref.logic.importer.fileformat.MrDLibImporter.RankedBibEntry",3,0,0,0,1,1
"org.jabref.logic.importer.fileformat.MsBibImporter",5,1,5,0,7,8
"org.jabref.logic.importer.fileformat.OvidImporter",8,1,5,0,9,42
"org.jabref.logic.importer.fileformat.PdfContentImporter",17,1,7,0,29,87
"org.jabref.logic.importer.fileformat.PdfXmpImporter",9,1,8,0,14,10
"org.jabref.logic.importer.fileformat.RepecNepImporter",8,1,6,0,22,45
"org.jabref.logic.importer.fileformat.RisImporter",10,1,5,0,10,75
"org.jabref.logic.importer.fileformat.SilverPlatterImporter",7,1,5,0,8,35
"org.jabref.logic.importer.util.GroupsParser",22,0,1,0,40,36
"org.jabref.logic.importer.util.INSPIREBibtexFilterReader",1,0,1,0,4,14
"org.jabref.logic.importer.util.IdentifierParser",8,0,1,0,3,7
"org.jabref.logic.importer.util.JSONEntryParser",5,0,1,0,19,39
"org.jabref.logic.importer.util.JsonReader",2,0,1,0,2,3
"org.jabref.logic.importer.util.MetaDataParser",11,0,1,0,25,27
"org.jabref.logic.importer.util.OAI2Handler",4,0,2,0,9,21
"org.jabref.logic.integrity.ASCIICharacterChecker",5,0,1,0,6,3
"org.jabref.logic.integrity.AbbreviationChecker",5,0,1,0,5,4
"org.jabref.logic.integrity.BibStringChecker",7,0,1,0,5,5
"org.jabref.logic.integrity.BibTeXEntryTypeChecker",6,0,1,0,5,2
"org.jabref.logic.integrity.BibtexKeyChecker",7,0,1,0,7,3
"org.jabref.logic.integrity.BibtexKeyDuplicationChecker",8,0,1,0,6,3
"org.jabref.logic.integrity.BibtexkeyDeviationChecker",8,0,1,0,7,4
"org.jabref.logic.integrity.BooktitleChecker",4,0,1,0,3,3
"org.jabref.logic.integrity.BracesCorrector",0,0,1,0,1,4
"org.jabref.logic.integrity.BracketChecker",4,0,1,0,3,7
"org.jabref.logic.integrity.DOIValidityChecker",5,0,1,0,4,3
"org.jabref.logic.integrity.DateChecker",5,0,1,0,4,3
"org.jabref.logic.integrity.EditionChecker",5,0,1,0,5,5
"org.jabref.logic.integrity.EntryLinkChecker",8,0,1,0,7,8
"org.jabref.logic.integrity.FieldChecker",7,0,1,0,5,3
"org.jabref.logic.integrity.FieldCheckers",59,0,2,0,23,8
"org.jabref.logic.integrity.FileChecker",8,0,1,0,6,5
"org.jabref.logic.integrity.HTMLCharacterChecker",7,0,1,0,5,4
"org.jabref.logic.integrity.HowPublishedChecker",5,0,1,0,5,4
"org.jabref.logic.integrity.ISBNChecker",5,0,1,0,6,4
"org.jabref.logic.integrity.ISSNChecker",5,0,1,0,6,4
"org.jabref.logic.integrity.IntegrityCheck",22,0,1,0,24,7
"org.jabref.logic.integrity.IntegrityCheck.Checker",n/a,n/a,n/a,n/a,1,n/a
"org.jabref.logic.integrity.IntegrityMessage",16,0,3,0,9,10
"org.jabref.logic.integrity.JournalInAbbreviationListChecker",6,0,1,0,6,4
"org.jabref.logic.integrity.MonthChecker",5,0,1,0,5,5
"org.jabref.logic.integrity.NoBibtexFieldChecker",9,0,1,0,5,2
"org.jabref.logic.integrity.NoteChecker",5,0,1,0,5,4
"org.jabref.logic.integrity.PagesChecker",5,0,1,0,5,5
"org.jabref.logic.integrity.PersonNamesChecker",8,0,1,0,10,6
"org.jabref.logic.integrity.TitleChecker",5,0,1,0,5,8
"org.jabref.logic.integrity.TypeChecker",6,0,1,0,5,3
"org.jabref.logic.integrity.UrlChecker",4,0,1,0,3,3
"org.jabref.logic.integrity.ValidBibtexKeyChecker",4,0,1,0,4,3
"org.jabref.logic.integrity.ValueChecker",n/a,n/a,n/a,n/a,1,n/a
"org.jabref.logic.integrity.YearChecker",4,0,1,0,3,4
"org.jabref.logic.journals.Abbreviation",11,0,1,0,14,19
"org.jabref.logic.journals.AbbreviationParser",4,0,1,0,7,10
"org.jabref.logic.journals.AbbreviationWriter",3,0,1,0,4,3
"org.jabref.logic.journals.JournalAbbreviationLoader",26,0,1,0,18,13
"org.jabref.logic.journals.JournalAbbreviationPreferences",12,0,4,0,7,7
"org.jabref.logic.journals.JournalAbbreviationRepository",13,0,2,0,16,15
"org.jabref.logic.l10n.EncodingControl",1,0,1,0,2,5
"org.jabref.logic.l10n.Encodings",4,0,0,0,1,1
"org.jabref.logic.l10n.Languages",3,0,1,0,2,5
"org.jabref.logic.l10n.Localization",418,0,1,0,18,18
"org.jabref.logic.l10n.Localization.LocalizationBundle",1,0,2,0,5,5
"org.jabref.logic.l10n.LocalizationKey",2,0,1,0,4,4
"org.jabref.logic.l10n.LocalizationKeyParams",2,0,1,0,4,4
"org.jabref.logic.layout.AbstractParamLayoutFormatter",6,0,1,5,2,10
"org.jabref.logic.layout.Layout",15,0,2,0,11,20
"org.jabref.logic.layout.LayoutEntry",78,0,1,0,35,153
"org.jabref.logic.layout.LayoutFormatter",n/a,n/a,n/a,n/a,1,n/a
"org.jabref.logic.layout.LayoutFormatterPreferences",21,0,5,0,8,8
"org.jabref.logic.layout.LayoutHelper",9,0,2,0,14,62
"org.jabref.logic.layout.ParamLayoutFormatter",n/a,n/a,n/a,n/a,1,n/a
"org.jabref.logic.layout.StringInt",4,0,0,0,1,1
"org.jabref.logic.layout.format.AuthorAbbreviator",4,0,1,0,3,1
"org.jabref.logic.layout.format.AuthorAndToSemicolonReplacer",2,0,1,0,1,1
"org.jabref.logic.layout.format.AuthorAndsCommaReplacer",3,0,1,0,1,5
"org.jabref.logic.layout.format.AuthorAndsReplacer",3,0,1,0,1,6
"org.jabref.logic.layout.format.AuthorFirstAbbrLastCommas",3,0,1,0,2,1
"org.jabref.logic.layout.format.AuthorFirstAbbrLastOxfordCommas",3,0,1,0,2,1
"org.jabref.logic.layout.format.AuthorFirstFirst",3,0,1,0,2,1
"org.jabref.logic.layout.format.AuthorFirstFirstCommas",3,0,1,0,2,1
"org.jabref.logic.layout.format.AuthorFirstLastCommas",3,0,1,0,2,1
"org.jabref.logic.layout.format.AuthorFirstLastOxfordCommas",3,0,1,0,2,1
"org.jabref.logic.layout.format.AuthorLF_FF",3,0,1,0,3,1
"org.jabref.logic.layout.format.AuthorLF_FFAbbr",3,0,1,0,3,1
"org.jabref.logic.layout.format.AuthorLastFirst",3,0,1,0,2,1
"org.jabref.logic.layout.format.AuthorLastFirstAbbrCommas",3,0,1,0,2,1
"org.jabref.logic.layout.format.AuthorLastFirstAbbrOxfordCommas",3,0,1,0,2,1
"org.jabref.logic.layout.format.AuthorLastFirstAbbreviator",3,0,1,0,2,1
"org.jabref.logic.layout.format.AuthorLastFirstCommas",3,0,1,0,2,1
"org.jabref.logic.layout.format.AuthorLastFirstOxfordCommas",3,0,1,0,2,1
"org.jabref.logic.layout.format.AuthorNatBib",3,0,1,0,2,1
"org.jabref.logic.layout.format.AuthorOrgSci",4,0,1,0,7,3
"org.jabref.logic.layout.format.Authors",4,1,1,0,14,56
"org.jabref.logic.layout.format.CompositeFormat",2,0,1,0,5,5
"org.jabref.logic.layout.format.CreateBibORDFAuthors",3,0,1,0,2,5
"org.jabref.logic.layout.format.CreateDocBookAuthors",7,0,1,1,10,4
"org.jabref.logic.layout.format.CreateDocBookEditors",4,1,1,0,3,1
"org.jabref.logic.layout.format.CurrentDate",2,0,1,0,1,2
"org.jabref.logic.layout.format.DOICheck",3,0,1,0,2,3
"org.jabref.logic.layout.format.DOIStrip",3,0,1,0,2,2
"org.jabref.logic.layout.format.DateFormatter",2,0,1,0,2,2
"org.jabref.logic.layout.format.Default",2,0,1,0,2,3
"org.jabref.logic.layout.format.EntryTypeFormatter",5,0,1,0,5,1
"org.jabref.logic.layout.format.FileLink",5,0,1,0,9,10
"org.jabref.logic.layout.format.FileLinkPreferences",4,0,2,0,3,3
"org.jabref.logic.layout.format.FirstPage",3,0,1,0,1,3
"org.jabref.logic.layout.format.FormatPagesForHTML",2,0,1,0,1,1
"org.jabref.logic.layout.format.FormatPagesForXML",2,0,1,0,1,1
"org.jabref.logic.layout.format.GetOpenOfficeType",4,0,1,0,1,15
"org.jabref.logic.layout.format.HTMLChars",5,0,1,0,3,34
"org.jabref.logic.layout.format.HTMLParagraphs",2,0,1,0,1,5
"org.jabref.logic.layout.format.IfPlural",2,1,1,0,3,5
"org.jabref.logic.layout.format.Iso690FormatDate",3,0,1,0,1,5
"org.jabref.logic.layout.format.Iso690NamesAuthors",3,0,1,0,1,10
"org.jabref.logic.layout.format.JournalAbbreviator",5,0,1,0,4,2
"org.jabref.logic.layout.format.LastPage",3,0,1,0,1,4
"org.jabref.logic.layout.format.LatexToUnicodeFormatter",9,1,5,0,7,5
"org.jabref.logic.layout.format.NameFormatter",7,0,2,0,10,20
"org.jabref.logic.layout.format.NameFormatterPreferences",3,0,2,0,3,3
"org.jabref.logic.layout.format.NoSpaceBetweenAbbreviations",2,0,1,0,1,1
"org.jabref.logic.layout.format.NotFoundFormatter",3,0,1,0,4,3
"org.jabref.logic.layout.format.Number",3,0,2,0,2,2
"org.jabref.logic.layout.format.Ordinal",2,0,1,0,1,7
"org.jabref.logic.layout.format.RTFChars",5,0,1,0,6,75
"org.jabref.logic.layout.format.RemoveBrackets",5,0,1,0,1,3
"org.jabref.logic.layout.format.RemoveBracketsAddComma",2,0,1,0,1,4
"org.jabref.logic.layout.format.RemoveLatexCommandsFormatter",4,0,1,0,1,12
"org.jabref.logic.layout.format.RemoveTilde",3,0,1,0,1,4
"org.jabref.logic.layout.format.RemoveWhitespace",4,0,1,0,1,4
"org.jabref.logic.layout.format.Replace",2,1,1,0,3,4
"org.jabref.logic.layout.format.ReplaceUnicodeLigaturesFormatter",5,1,5,0,8,8
"org.jabref.logic.layout.format.RisAuthors",5,0,1,0,3,5
"org.jabref.logic.layout.format.RisKeywords",5,0,1,0,4,4
"org.jabref.logic.layout.format.RisMonth",3,0,1,0,2,2
"org.jabref.logic.layout.format.ToLowerCase",2,0,1,0,1,2
"org.jabref.logic.layout.format.ToUpperCase",2,0,1,0,1,2
"org.jabref.logic.layout.format.WrapContent",2,1,1,0,3,6
"org.jabref.logic.layout.format.WrapFileLinks",7,1,1,0,16,29
"org.jabref.logic.layout.format.WrapFileLinks.FormatEntry",1,0,2,0,4,4
"org.jabref.logic.layout.format.XMLChars",4,0,1,0,4,13
"org.jabref.logic.logging.JabRefLogger",1,0,1,0,8,3
"org.jabref.logic.logging.LogMessages",2,0,2,0,7,5
"org.jabref.logic.msbib.BibTeXConverter",8,0,1,0,14,18
"org.jabref.logic.msbib.MSBibConverter",10,0,1,0,16,19
"org.jabref.logic.msbib.MSBibDatabase",7,0,1,0,10,11
"org.jabref.logic.msbib.MSBibEntry",9,0,1,0,25,40
"org.jabref.logic.msbib.MSBibEntryType",1,n/a,0,n/a,0,0
"org.jabref.logic.msbib.MSBibMapping",8,0,5,0,19,7
"org.jabref.logic.msbib.MsBibAuthor",5,0,3,0,12,11
"org.jabref.logic.msbib.PageNumbers",3,0,1,0,5,8
"org.jabref.logic.net.ProgressInputStream",2,0,6,0,13,14
"org.jabref.logic.net.ProxyAuthenticator",1,0,1,0,1,3
"org.jabref.logic.net.ProxyPreferences",4,0,6,0,9,29
"org.jabref.logic.net.ProxyRegisterer",3,0,1,0,8,4
"org.jabref.logic.net.URLDownload",22,0,1,0,26,32
"org.jabref.logic.net.URLUtil",1,0,2,0,3,8
"org.jabref.logic.openoffice.CitationEntry",3,0,3,0,11,15
"org.jabref.logic.openoffice.OOBibStyle",20,0,3,0,54,121
"org.jabref.logic.openoffice.OOBibStyle.BibStyleMode",1,n/a,0,n/a,0,0
"org.jabref.logic.openoffice.OOPreFormatter",6,0,1,0,3,33
"org.jabref.logic.openoffice.OOUtil",6,0,3,0,17,35
"org.jabref.logic.openoffice.OOUtil.Formatting",1,n/a,0,n/a,0,0
"org.jabref.logic.openoffice.OpenOfficeFileSearch",4,0,1,0,5,14
"org.jabref.logic.openoffice.OpenOfficePreferences",7,0,6,0,20,20
"org.jabref.logic.openoffice.StyleLoader",6,0,1,0,17,18
"org.jabref.logic.openoffice.UndefinedBibtexEntry",4,1,1,0,3,2
"org.jabref.logic.openoffice.UndefinedParagraphFormatException",3,0,1,0,2,2
"org.jabref.logic.pdf.AnnotationImporter",n/a,n/a,n/a,n/a,1,n/a
"org.jabref.logic.pdf.EntryAnnotationImporter",8,0,1,0,6,4
"org.jabref.logic.pdf.FileAnnotationCache",10,0,1,0,12,5
"org.jabref.logic.pdf.PdfAnnotationImporter",5,0,1,0,25,17
"org.jabref.logic.pdf.TextExtractor",1,0,1,0,10,7
"org.jabref.logic.preferences.TimestampPreferences",6,0,4,0,8,8
"org.jabref.logic.protectedterms.ProtectedTermsList",7,0,2,0,15,18
"org.jabref.logic.protectedterms.ProtectedTermsLoader",12,0,1,0,26,25
"org.jabref.logic.protectedterms.ProtectedTermsParser",3,0,1,0,9,8
"org.jabref.logic.protectedterms.ProtectedTermsPreferences",2,0,4,0,5,5
"org.jabref.logic.remote.RemotePreferences",5,0,3,0,7,7
"org.jabref.logic.remote.RemoteUtil",1,0,1,0,2,2
"org.jabref.logic.remote.client.RemoteClient",5,0,1,0,10,5
"org.jabref.logic.remote.server.MessageHandler",n/a,n/a,n/a,n/a,1,n/a
"org.jabref.logic.remote.server.RemoteListenerServer",5,0,1,0,10,9
"org.jabref.logic.remote.server.RemoteListenerServerLifecycle",6,0,1,0,11,10
"org.jabref.logic.remote.server.RemoteListenerServerThread",3,0,1,0,6,3
"org.jabref.logic.remote.shared.Protocol",3,0,1,0,5,6
"org.jabref.logic.remote.shared.RemoteMessage",3,n/a,0,n/a,0,0
"org.jabref.logic.search.DatabaseSearcher",5,0,1,0,5,3
"org.jabref.logic.search.SearchQuery",19,0,1,0,22,21
"org.jabref.logic.search.SearchQueryHighlightListener",n/a,n/a,n/a,n/a,1,n/a
"org.jabref.logic.search.SearchQueryHighlightObservable",6,0,1,0,14,10
"org.jabref.logic.shared.DBMSConnection",7,0,3,0,17,6
"org.jabref.logic.shared.DBMSConnectionProperties",7,0,1,0,27,23
"org.jabref.logic.shared.DBMSProcessor",12,0,6,3,43,49
"org.jabref.logic.shared.DBMSSynchronizer",31,0,1,0,71,53
"org.jabref.logic.shared.MySQLProcessor",2,1,2,0,4,3
"org.jabref.logic.shared.OracleProcessor",7,1,2,0,14,6
"org.jabref.logic.shared.PostgreSQLProcessor",7,1,1,0,25,8
"org.jabref.logic.shared.event.ConnectionLostEvent",3,0,1,0,2,2
"org.jabref.logic.shared.event.SharedEntryNotPresentEvent",3,0,1,0,2,2
"org.jabref.logic.shared.event.UpdateRefusedEvent",4,0,3,0,4,4
"org.jabref.logic.shared.exception.InvalidDBMSConnectionPropertiesException",2,0,0,0,1,1
"org.jabref.logic.shared.exception.NotASharedDatabaseException",1,0,0,0,1,1
"org.jabref.logic.shared.exception.OfflineLockException",3,0,2,0,3,3
"org.jabref.logic.shared.exception.SharedEntryNotPresentException",1,0,1,0,2,2
"org.jabref.logic.shared.listener.OracleNotificationListener",4,0,1,0,3,2
"org.jabref.logic.shared.listener.PostgresSQLNotificationListener",3,0,1,0,3,3
"org.jabref.logic.shared.prefs.SharedDatabasePreferences",10,0,2,0,31,21
"org.jabref.logic.shared.security.Password",3,0,2,0,4,4
"org.jabref.logic.specialfields.SpecialFieldsUtils",12,0,3,0,21,14
"org.jabref.logic.undo.AddUndoableActionEvent",3,1,0,0,2,1
"org.jabref.logic.undo.UndoChangeEvent",3,0,4,2,5,5
"org.jabref.logic.undo.UndoRedoEvent",3,1,0,0,2,1
"org.jabref.logic.util.BuildInfo",11,0,7,0,10,10
"org.jabref.logic.util.FileType",55,n/a,2,n/a,7,7
"org.jabref.logic.util.JavaVersion",1,0,2,0,6,11
"org.jabref.logic.util.MetadataSerializationConfiguration",2,0,0,0,1,1
"org.jabref.logic.util.OS",47,0,0,0,1,1
"org.jabref.logic.util.TestEntry",4,0,1,0,5,2
"org.jabref.logic.util.UpdateField",11,0,2,0,23,17
"org.jabref.logic.util.UpdateFieldPreferences",2,0,7,0,8,8
"org.jabref.logic.util.Version",10,0,1,0,20,39
"org.jabref.logic.util.Version.DevelopmentStage",1,n/a,2,n/a,3,7
"org.jabref.logic.util.io.AutoLinkPreferences",3,0,4,0,5,5
"org.jabref.logic.util.io.CiteKeyBasedFileFinder",7,0,1,0,7,11
"org.jabref.logic.util.io.DatabaseFileLookup",5,0,2,0,7,4
"org.jabref.logic.util.io.FileBasedLock",5,0,1,0,8,13
"org.jabref.logic.util.io.FileFinder",n/a,n/a,n/a,n/a,1,n/a
"org.jabref.logic.util.io.FileFinders",6,0,1,0,7,2
"org.jabref.logic.util.io.FileHistory",2,0,1,0,7,8
"org.jabref.logic.util.io.FileNameCleaner",1,0,1,0,4,8
"org.jabref.logic.util.io.FileUtil",31,0,9,0,23,36
"org.jabref.logic.util.io.RegExpBasedFileFinder",7,0,1,0,9,22
"org.jabref.logic.util.io.XMLUtil",3,0,4,0,8,11
"org.jabref.logic.util.io.XMLUtil.NodeListWrapper",1,0,1,0,3,3
"org.jabref.logic.util.strings.DiffHighlighting",1,0,1,0,10,23
"org.jabref.logic.util.strings.HTMLUnicodeConversionMaps",5,0,1,0,2,11
"org.jabref.logic.util.strings.QuotedStringTokenizer",1,0,1,0,4,9
"org.jabref.logic.util.strings.RtfCharMap",1,0,1,0,3,3
"org.jabref.logic.util.strings.StringLengthComparator",2,0,1,0,1,3
"org.jabref.logic.util.strings.StringSimilarity",3,0,1,0,4,2
"org.jabref.logic.util.strings.UnicodeLigaturesMap",1,0,0,0,1,1
"org.jabref.logic.util.strings.XmlCharsMap",1,0,0,0,1,1
"org.jabref.logic.xmp.DocumentInformationExtractor",3,0,1,0,18,15
"org.jabref.logic.xmp.DublinCoreExtractor",11,0,1,0,41,58
"org.jabref.logic.xmp.EncryptedPdfsNotSupportedException",3,0,0,0,0,0
"org.jabref.logic.xmp.XmpPreferences",12,0,3,0,4,4
"org.jabref.logic.xmp.XmpUtilReader",9,0,2,0,16,14
"org.jabref.logic.xmp.XmpUtilShared",7,0,2,0,4,3
"org.jabref.logic.xmp.XmpUtilWriter",12,0,2,0,31,29
"org.jabref.migrations.ConvertLegacyExplicitGroups",10,0,1,0,11,8
"org.jabref.migrations.CustomEntryTypePreferenceMigration",8,0,1,0,9,6
"org.jabref.migrations.FileLinksUpgradeWarning",23,0,1,0,38,28
"org.jabref.migrations.MergeReviewIntoCommentMigration",6,0,1,0,17,11
"org.jabref.migrations.PostOpenMigration",n/a,n/a,n/a,n/a,1,n/a
"org.jabref.migrations.PreferencesMigrations",9,0,1,0,27,38
"org.jabref.model.ChainNode",2,0,1,1,9,15
"org.jabref.model.Defaults",8,0,0,0,2,2
"org.jabref.model.EntryTypes",30,0,3,0,33,34
"org.jabref.model.EntryTypes.InternalEntryTypes",2,0,1,0,9,12
"org.jabref.model.FieldChange",43,0,4,0,10,22
"org.jabref.model.TreeNode",15,0,1,2,38,69
"org.jabref.model.auxparser.AuxParser",n/a,n/a,n/a,n/a,1,n/a
"org.jabref.model.auxparser.AuxParserResult",8,0,5,0,17,15
"org.jabref.model.bibtexkeypattern.AbstractBibtexKeyPattern",9,0,1,2,13,18
"org.jabref.model.bibtexkeypattern.DatabaseBibtexKeyPattern",4,1,1,0,3,2
"org.jabref.model.bibtexkeypattern.GlobalBibtexKeyPattern",13,1,2,0,4,3
"org.jabref.model.cleanup.CleanupJob",n/a,n/a,n/a,n/a,1,n/a
"org.jabref.model.cleanup.FieldFormatterCleanup",19,0,1,0,19,19
"org.jabref.model.cleanup.FieldFormatterCleanups",13,0,1,0,13,19
"org.jabref.model.cleanup.Formatter",39,0,5,28,7,3
"org.jabref.model.database.BibDatabase",143,0,4,0,72,81
"org.jabref.model.database.BibDatabaseContext",145,0,2,0,47,42
"org.jabref.model.database.BibDatabaseMode",39,n/a,2,n/a,5,6
"org.jabref.model.database.BibDatabaseModeDetection",5,0,1,0,4,3
"org.jabref.model.database.BibDatabases",6,0,2,0,7,4
"org.jabref.model.database.DuplicationChecker",8,0,2,0,13,14
"org.jabref.model.database.KeyChangeListener",7,0,1,0,17,16
"org.jabref.model.database.KeyCollisionException",12,0,0,0,4,4
"org.jabref.model.database.event.AutosaveEvent",2,0,0,0,0,0
"org.jabref.model.database.event.BibDatabaseContextChangedEvent",7,0,0,3,0,0
"org.jabref.model.database.event.ChangePropagation",2,n/a,0,n/a,0,0
"org.jabref.model.database.event.CoarseChangeFilter",8,0,2,0,17,7
"org.jabref.model.database.event.EntryAddedEvent",12,2,0,0,4,2
"org.jabref.model.database.event.EntryRemovedEvent",11,2,0,0,4,2
"org.jabref.model.database.shared.DBMSType",7,n/a,4,n/a,6,6
"org.jabref.model.database.shared.DatabaseConnection",n/a,n/a,n/a,n/a,2,n/a
"org.jabref.model.database.shared.DatabaseConnectionProperties",n/a,n/a,n/a,n/a,7,n/a
"org.jabref.model.database.shared.DatabaseLocation",6,n/a,0,n/a,0,0
"org.jabref.model.database.shared.DatabaseNotSupportedException",4,0,0,0,1,1
"org.jabref.model.database.shared.DatabaseSynchronizer",n/a,n/a,n/a,n/a,8,n/a
"org.jabref.model.entry.Author",19,0,3,0,17,51
"org.jabref.model.entry.AuthorList",48,0,1,0,34,71
"org.jabref.model.entry.AuthorListParser",2,0,1,0,6,63
"org.jabref.model.entry.BibEntry",416,0,8,1,116,118
"org.jabref.model.entry.BibEntry.GetFieldInterface",n/a,n/a,n/a,n/a,1,n/a
"org.jabref.model.entry.BiblatexEntryType",3,0,3,34,10,9
"org.jabref.model.entry.BiblatexEntryTypes",9,0,1,0,3,88
"org.jabref.model.entry.BibtexEntryType",3,0,3,19,10,9
"org.jabref.model.entry.BibtexEntryTypes",13,0,1,0,3,16
"org.jabref.model.entry.BibtexSingleField",6,0,4,0,18,21
"org.jabref.model.entry.BibtexSingleField.FieldType",1,n/a,0,n/a,0,0
"org.jabref.model.entry.BibtexString",23,0,1,0,18,21
"org.jabref.model.entry.BibtexString.Type",2,n/a,1,n/a,3,6
"org.jabref.model.entry.CanonicalBibtexEntry",1,0,1,0,6,5
"org.jabref.model.entry.CustomEntryType",12,0,1,0,16,18
"org.jabref.model.entry.Date",7,0,4,0,16,23
"org.jabref.model.entry.EntryConverter",5,0,0,0,1,1
"org.jabref.model.entry.EntryLinkList",4,0,1,0,4,5
"org.jabref.model.entry.EntryType",n/a,n/a,n/a,n/a,10,n/a
"org.jabref.model.entry.FieldName",160,0,3,0,7,7
"org.jabref.model.entry.FieldProperty",17,n/a,0,n/a,0,0
"org.jabref.model.entry.FileFieldParser",7,0,1,0,6,15
"org.jabref.model.entry.FileFieldWriter",8,0,4,0,9,10
"org.jabref.model.entry.IEEETranEntryTypes",6,0,1,0,3,7
"org.jabref.model.entry.IdGenerator",8,0,1,0,2,2
"org.jabref.model.entry.InternalBibtexFields",41,0,3,0,33,51
"org.jabref.model.entry.Keyword",13,1,3,0,17,16
"org.jabref.model.entry.KeywordList",11,0,1,0,30,36
"org.jabref.model.entry.LinkedFile",39,0,2,0,24,26
"org.jabref.model.entry.Month",15,n/a,3,n/a,13,19
"org.jabref.model.entry.ParsedEntryLink",5,0,1,0,10,10
"org.jabref.model.entry.SharedBibEntryData",5,0,2,0,5,5
"org.jabref.model.entry.event.EntryChangedEvent",10,2,0,1,4,2
"org.jabref.model.entry.event.EntryEvent",19,1,2,3,4,4
"org.jabref.model.entry.event.EntryEventSource",13,n/a,0,n/a,0,0
"org.jabref.model.entry.event.FieldAddedOrRemovedEvent",4,4,0,0,2,1
"org.jabref.model.entry.event.FieldChangedEvent",13,3,5,1,15,12
"org.jabref.model.entry.identifier.ArXivIdentifier",4,0,3,0,7,9
"org.jabref.model.entry.identifier.DOI",25,0,4,0,10,13
"org.jabref.model.entry.identifier.Eprint",4,0,3,0,7,9
"org.jabref.model.entry.identifier.ISBN",5,0,2,0,12,20
"org.jabref.model.entry.identifier.ISSN",2,0,1,0,5,10
"org.jabref.model.entry.identifier.Identifier",n/a,n/a,n/a,n/a,3,n/a
"org.jabref.model.entry.identifier.MathSciNetId",5,0,3,0,9,10
"org.jabref.model.entry.specialfields.SpecialField",17,n/a,5,n/a,11,16
"org.jabref.model.entry.specialfields.SpecialFieldValue",8,n/a,1,n/a,3,3
"org.jabref.model.groups.AbstractGroup",26,0,9,5,22,27
"org.jabref.model.groups.AllEntriesGroup",9,1,3,0,8,6
"org.jabref.model.groups.AutomaticGroup",9,1,4,2,7,4
"org.jabref.model.groups.AutomaticKeywordGroup",13,2,1,0,18,11
"org.jabref.model.groups.AutomaticPersonsGroup",12,2,1,0,10,8
"org.jabref.model.groups.ExplicitGroup",12,3,2,0,15,10
"org.jabref.model.groups.GroupEntryChanger",n/a,n/a,n/a,n/a,4,n/a
"org.jabref.model.groups.GroupHierarchyType",17,n/a,1,n/a,2,2
"org.jabref.model.groups.GroupTreeNode",38,1,3,0,41,49
"org.jabref.model.groups.KeywordGroup",10,1,4,2,6,5
"org.jabref.model.groups.RegexKeywordGroup",7,2,2,0,10,9
"org.jabref.model.groups.SearchGroup",9,1,2,0,17,11
"org.jabref.model.groups.TexGroup",10,1,2,0,19,13
"org.jabref.model.groups.WordKeywordGroup",14,2,2,1,23,24
"org.jabref.model.groups.event.GroupUpdatedEvent",2,1,1,0,2,2
"org.jabref.model.metadata.ContentSelector",5,0,2,0,6,8
"org.jabref.model.metadata.ContentSelectors",4,0,2,0,12,17
"org.jabref.model.metadata.FileDirectoryPreferences",21,0,3,0,5,6
"org.jabref.model.metadata.MetaData",55,0,3,0,57,48
"org.jabref.model.metadata.SaveOrderConfig",8,0,2,0,13,19
"org.jabref.model.metadata.SaveOrderConfig.SortCriterion",4,0,0,0,6,8
"org.jabref.model.metadata.event.MetaDataChangedEvent",3,1,1,0,2,2
"org.jabref.model.pdf.FileAnnotation",7,0,9,0,20,24
"org.jabref.model.pdf.FileAnnotationType",3,n/a,2,n/a,7,5
"org.jabref.model.search.GroupSearchQuery",5,0,1,0,12,12
"org.jabref.model.search.SearchMatcher",n/a,n/a,n/a,n/a,1,n/a
"org.jabref.model.search.matchers.AndMatcher",3,1,1,0,1,1
"org.jabref.model.search.matchers.MatcherSet",6,0,1,2,4,6
"org.jabref.model.search.matchers.MatcherSets",6,0,1,0,1,2
"org.jabref.model.search.matchers.MatcherSets.MatcherType",3,n/a,0,n/a,0,0
"org.jabref.model.search.matchers.NotMatcher",2,0,1,0,3,2
"org.jabref.model.search.matchers.OrMatcher",3,1,1,0,1,1
"org.jabref.model.search.rules.ContainBasedSearchRule",7,0,2,0,8,10
"org.jabref.model.search.rules.GrammarBasedSearchRule",10,0,1,0,20,10
"org.jabref.model.search.rules.GrammarBasedSearchRule.BibtexSearchVisitor",12,2,5,0,18,10
"org.jabref.model.search.rules.GrammarBasedSearchRule.Comparator",5,0,1,18,9,16
"org.jabref.model.search.rules.GrammarBasedSearchRule.ComparisonOperator",3,n/a,1,n/a,1,3
"org.jabref.model.search.rules.GrammarBasedSearchRule.ThrowingErrorListener",1,1,1,0,2,1
"org.jabref.model.search.rules.RegexBasedSearchRule",4,0,1,0,7,10
"org.jabref.model.search.rules.SearchRule",n/a,n/a,n/a,n/a,2,n/a
"org.jabref.model.search.rules.SearchRules",6,0,1,0,8,7
"org.jabref.model.search.rules.SentenceAnalyzer",3,0,1,0,2,9
"org.jabref.model.strings.LatexToUnicodeAdapter",2,0,1,0,1,1
"org.jabref.model.strings.StringUtil",97,0,29,0,45,110
"org.jabref.model.strings.UnicodeToReadableCharMap",1,0,0,0,1,1
"org.jabref.model.util.DummyFileUpdateMonitor",13,0,2,0,2,2
"org.jabref.model.util.FileHelper",17,0,3,0,8,17
"org.jabref.model.util.FileUpdateListener",n/a,n/a,n/a,n/a,1,n/a
"org.jabref.model.util.FileUpdateMonitor",n/a,n/a,n/a,n/a,2,n/a
"org.jabref.model.util.OptionalUtil",11,0,5,0,7,10
"org.jabref.model.util.TreeCollector",2,0,5,0,8,13
"org.jabref.pdfimport.ImportDialog",9,1,3,0,24,22
"org.jabref.pdfimport.PdfFileFilter",1,0,1,0,3,4
"org.jabref.pdfimport.PdfImporter",32,0,1,0,63,29
"org.jabref.pdfimport.PdfImporter.ImportPdfFilesResult",4,0,2,0,3,3
"org.jabref.preferences.CustomExportList",9,0,2,0,21,16
"org.jabref.preferences.CustomImportList",6,0,2,0,11,10
"org.jabref.preferences.ExportComparator",1,0,1,0,1,1
"org.jabref.preferences.JabRefPreferences",247,0,4,0,200,152
"org.jabref.preferences.JabRefPreferencesFilter",4,0,1,0,5,3
"org.jabref.preferences.JabRefPreferencesFilter.PreferenceOption",4,0,4,0,10,13
"org.jabref.preferences.JabRefPreferencesFilter.PreferenceType",1,n/a,0,n/a,0,0
"org.jabref.preferences.LastFocusedTabPreferences",2,0,1,0,5,5
"org.jabref.preferences.PreferencesService",n/a,n/a,n/a,n/a,4,n/a
"org.jabref.preferences.PreviewPreferences",9,0,7,0,9,8
"org.jabref.preferences.PreviewPreferences.Builder",3,0,1,0,14,8
"org.jabref.preferences.SearchPreferences",6,0,1,0,25,18
"org.jabref.preferences.VersionPreferences",4,0,1,0,2,2

